Workbook

Sheet Main
B1: b | C1: l | D1: d | E1: Q | F1: cos3Q | G1: Ecoll [%] | H1: Esum [%] | I1: p | J1: leff | K1: deff | L1: Rint | M1: Rcoll | N1: Rsyst | O1: Simulation Spatial R | P1: theta | Q1: x | R1: k | S1: Ld | T1: Td | U1: t
A2: Definitions | B2: distance from center of hole to center of heart | C2: length of collimator | D2: length of sides of hole | E2: angle from axis | G2: senstivitiy of individual systems | H2: summation of all Ecoll | I2: pixel size | J2: effective length of collimator | K2: effective length of sides of hole | L2: intrinsic resolution of collimator | M2: resolution of collimator | N2: resolution of individual detector systems | O2: average of all Rsyst | P2: acceptance angle of collimator | Q2: focal length of collimator minus length of collimator | R2: length of side of guide at exit | S2: length of side of detector crystal | T2: thickness of detector crystal | U2: thickness of collimator wall
A3: 1 | B3: =Coordinates!E3 -> 294.25721 | C3: =((S3/2)/(TAN(RADIANS(P3))))-Q3 -> 89.070206 | D3: 2.3 | E3: 0 | F3: =COS(E3)^3 -> 1 | G3: =100*(K3*K3*F3/(16*B3*B3)) -> 0.00041740315 | H3: =SUM(G3:G82) -> 0.060564199 | I3: =Values!T3 -> 2 | J3: =C3-0.8 -> 88.270206 | K3: =SQRT(D3*(D3+((2*TAN(RADIANS(P3)))/2.5))) -> 2.4047224 | L3: =I3 -> 2 | M3: =K3*(B3+C3)/C3 -> 10.349095 | N3: =SQRT(L3*L3+M3*M3) -> 10.540577 | O3: =AVERAGE(N3:N83) -> 10.91574 | P3: =Coordinates!AG3 -> 14.990223 | Q3: =(D3/2)/(TAN(RADIANS(P3))) -> 4.2947898 | R3: =(((TAN(RADIANS(Coordinates!AH3)))*3)*2)+D3 -> 4.0615318 | S3: 50 | T3: 10 | U3: 2
A4: 2 | B4: =Coordinates!E4 -> 274.65173 | C4: =((S4/2)/(TAN(RADIANS(P4))))-Q4 -> 82.700811 | D4: 2.3 | E4: 0 | F4: =COS(E4)^3 -> 1 | G4: =100*(K4*K4*F4/(16*B4*B4)) -> 0.000482265 | I4: =Values!T4 -> 2 | J4: =C4-0.8 -> 81.900811 | K4: =SQRT(D4*(D4+((2*TAN(RADIANS(P4)))/2.5))) -> 2.4125994 | L4: =I4 -> 2 | M4: =K4*(B4+C4)/C4 -> 10.42491 | N4: =SQRT(L4*L4+M4*M4) -> 10.615025 | P4: =Coordinates!AG4 -> 16.086977 | Q4: =(D4/2)/(TAN(RADIANS(P4))) -> 3.9876702 | R4: =(((TAN(RADIANS(Coordinates!AH4)))*3)*2)+D4 -> 4.1972002 | S4: 50 | T4: 10 | U4: 2
A5: 3 | B5: =Coordinates!E5 -> 253.46752 | C5: =((S5/2)/(TAN(RADIANS(P5))))-Q5 -> 75.776076 | D5: 2.3 | E5: 0 | F5: =COS(E5)^3 -> 1 | G5: =100*(K5*K5*F5/(16*B5*B5)) -> 0.00057096426 | I5: =Values!T5 -> 2 | J5: =C5-0.8 -> 74.976076 | K5: =SQRT(D5*(D5+((2*TAN(RADIANS(P5)))/2.5))) -> 2.4226282 | L5: =I5 -> 2 | M5: =K5*(B5+C5)/C5 -> 10.526209 | N5: =SQRT(L5*L5+M5*M5) -> 10.714526 | P5: =Coordinates!AG5 -> 17.471038 | Q5: =(D5/2)/(TAN(RADIANS(P5))) -> 3.653773 | R5: =(((TAN(RADIANS(Coordinates!AH5)))*3)*2)+D5 -> 4.3705744 | S5: 50 | T5: 10 | U5: 2
A6: 4 | B6: =Coordinates!E6 -> 232.73109 | C6: =((S6/2)/(TAN(RADIANS(P6))))-Q6 -> 68.942582 | D6: 2.3 | E6: 0 | F6: =COS(E6)^3 -> 1 | G6: =100*(K6*K6*F6/(16*B6*B6)) -> 0.00068386702 | I6: =Values!T6 -> 2 | J6: =C6-0.8 -> 68.142582 | K6: =SQRT(D6*(D6+((2*TAN(RADIANS(P6)))/2.5))) -> 2.4344465 | L6: =I6 -> 2 | M6: =K6*(B6+C6)/C6 -> 10.652465 | N6: =SQRT(L6*L6+M6*M6) -> 10.838589 | P6: =Coordinates!AG6 -> 19.082552 | Q6: =(D6/2)/(TAN(RADIANS(P6))) -> 3.3242755 | R6: =(((TAN(RADIANS(Coordinates!AH6)))*3)*2)+D6 -> 4.5758068 | S6: 50 | T6: 10 | U6: 2
A7: 5 | B7: =Coordinates!E7 -> 214.37084 | C7: =((S7/2)/(TAN(RADIANS(P7))))-Q7 -> 62.832246 | D7: 2.3 | E7: 0 | F7: =COS(E7)^3 -> 1 | G7: =100*(K7*K7*F7/(16*B7*B7)) -> 0.00081444479 | I7: =Values!T7 -> 2 | J7: =C7-0.8 -> 62.032246 | K7: =SQRT(D7*(D7+((2*TAN(RADIANS(P7)))/2.5))) -> 2.4471271 | L7: =I7 -> 2 | M7: =K7*(B7+C7)/C7 -> 10.796227 | N7: =SQRT(L7*L7+M7*M7) -> 10.979914 | P7: =Coordinates!AG7 -> 20.785869 | Q7: =(D7/2)/(TAN(RADIANS(P7))) -> 3.0296471 | R7: =(((TAN(RADIANS(Coordinates!AH7)))*3)*2)+D7 -> 4.7971254 | S7: 50 | T7: 10 | U7: 2
A8: 6 | B8: =Coordinates!E8 -> 199.93875 | C8: =((S8/2)/(TAN(RADIANS(P8))))-Q8 -> 57.97763 | D8: 2.3 | E8: 0 | F8: =COS(E8)^3 -> 1 | G8: =100*(K8*K8*F8/(16*B8*B8)) -> 0.00094540909 | I8: =Values!T8 -> 2 | J8: =C8-0.8 -> 57.17763 | K8: =SQRT(D8*(D8+((2*TAN(RADIANS(P8)))/2.5))) -> 2.4590471 | L8: =I8 -> 2 | M8: =K8*(B8+C8)/C8 -> 10.939194 | N8: =SQRT(L8*L8+M8*M8) -> 11.12052 | P8: =Coordinates!AG8 -> 22.360578 | Q8: =(D8/2)/(TAN(RADIANS(P8))) -> 2.7955671 | R8: =(((TAN(RADIANS(Coordinates!AH8)))*3)*2)+D8 -> 5.0062162 | S8: 50 | T8: 10 | U8: 2
A9: 7 | B9: =Coordinates!E9 -> 190.57444 | C9: =((S9/2)/(TAN(RADIANS(P9))))-Q9 -> 54.797151 | D9: 2.3 | E9: 0 | F9: =COS(E9)^3 -> 1 | G9: =100*(K9*K9*F9/(16*B9*B9)) -> 0.0010481616 | I9: =Values!T9 -> 2 | J9: =C9-0.8 -> 53.997151 | K9: =SQRT(D9*(D9+((2*TAN(RADIANS(P9)))/2.5))) -> 2.4679636 | L9: =I9 -> 2 | M9: =K9*(B9+C9)/C9 -> 11.051088 | N9: =SQRT(L9*L9+M9*M9) -> 11.230608 | P9: =Coordinates!AG9 -> 23.520679 | Q9: =(D9/2)/(TAN(RADIANS(P9))) -> 2.6422106 | R9: =(((TAN(RADIANS(Coordinates!AH9)))*3)*2)+D9 -> 5.1632875 | S9: 50 | T9: 10 | U9: 2
A10: 8 | B10: =Coordinates!E10 -> 186.9885 | C10: =((S10/2)/(TAN(RADIANS(P10))))-Q10 -> 53.571762 | D10: 2.3 | E10: 0 | F10: =COS(E10)^3 -> 1 | G10: =100*(K10*K10*F10/(16*B10*B10)) -> 0.0010920234 | I10: =Values!T10 -> 2 | J10: =C10-0.8 -> 52.771762 | K10: =SQRT(D10*(D10+((2*TAN(RADIANS(P10)))/2.5))) -> 2.4716721 | L10: =I10 -> 2 | M10: =K10*(B10+C10)/C10 -> 11.098871 | N10: =SQRT(L10*L10+M10*M10) -> 11.27763 | P10: =Coordinates!AG10 -> 23.998496 | Q10: =(D10/2)/(TAN(RADIANS(P10))) -> 2.5831248 | R10: =(((TAN(RADIANS(Coordinates!AH10)))*3)*2)+D10 -> 5.2287818 | S10: 50 | T10: 10 | U10: 2
A11: 9 | B11: =Coordinates!E11 -> 189.43283 | C11: =((S11/2)/(TAN(RADIANS(P11))))-Q11 -> 54.407518 | D11: 2.3 | E11: 0 | F11: =COS(E11)^3 -> 1 | G11: =100*(K11*K11*F11/(16*B11*B11)) -> 0.0010618319 | I11: =Values!T11 -> 2 | J11: =C11-0.8 -> 53.607518 | K11: =SQRT(D11*(D11+((2*TAN(RADIANS(P11)))/2.5))) -> 2.4691253 | L11: =I11 -> 2 | M11: =K11*(B11+C11)/C11 -> 11.065978 | N11: =SQRT(L11*L11+M11*M11) -> 11.245259 | P11: =Coordinates!AG11 -> 23.670652 | Q11: =(D11/2)/(TAN(RADIANS(P11))) -> 2.6234233 | R11: =(((TAN(RADIANS(Coordinates!AH11)))*3)*2)+D11 -> 5.1837926 | S11: 50 | T11: 10 | U11: 2
A12: 10 | B12: =Coordinates!E12 -> 196.99023 | C12: =((S12/2)/(TAN(RADIANS(P12))))-Q12 -> 56.97906 | D12: 2.3 | E12: 0 | F12: =COS(E12)^3 -> 1 | G12: =100*(K12*K12*F12/(16*B12*B12)) -> 0.00097605887 | I12: =Values!T12 -> 2 | J12: =C12-0.8 -> 56.17906 | K12: =SQRT(D12*(D12+((2*TAN(RADIANS(P12)))/2.5))) -> 2.4617428 | L12: =I12 -> 2 | M12: =K12*(B12+C12)/C12 -> 10.972576 | N12: =SQRT(L12*L12+M12*M12) -> 11.153359 | P12: =Coordinates!AG12 -> 22.712958 | Q12: =(D12/2)/(TAN(RADIANS(P12))) -> 2.747418 | R12: =(((TAN(RADIANS(Coordinates!AH12)))*3)*2)+D12 -> 5.0536432 | S12: 50 | T12: 10 | U12: 2
A13: 11 | B13: =Coordinates!E13 -> 208.13662 | C13: =((S13/2)/(TAN(RADIANS(P13))))-Q13 -> 60.741525 | D13: 2.3 | E13: 0 | F13: =COS(E13)^3 -> 1 | G13: =100*(K13*K13*F13/(16*B13*B13)) -> 0.00086743318 | I13: =Values!T13 -> 2 | J13: =C13-0.8 -> 59.941525 | K13: =SQRT(D13*(D13+((2*TAN(RADIANS(P13)))/2.5))) -> 2.4520341 | L13: =I13 -> 2 | M13: =K13*(B13+C13)/C13 -> 10.854162 | N13: =SQRT(L13*L13+M13*M13) -> 11.036886 | P13: =Coordinates!AG13 -> 21.437324 | Q13: =(D13/2)/(TAN(RADIANS(P13))) -> 2.9288366 | R13: =(((TAN(RADIANS(Coordinates!AH13)))*3)*2)+D13 -> 4.8830764 | S13: 50 | T13: 10 | U13: 2
A14: 12 | B14: =Coordinates!E14 -> 220.94817 | C14: =((S14/2)/(TAN(RADIANS(P14))))-Q14 -> 65.028733 | D14: 2.3 | E14: 0 | F14: =COS(E14)^3 -> 1 | G14: =100*(K14*K14*F14/(16*B14*B14)) -> 0.00076365642 | I14: =Values!T14 -> 2 | J14: =C14-0.8 -> 64.228733 | K14: =SQRT(D14*(D14+((2*TAN(RADIANS(P14)))/2.5))) -> 2.4423022 | L14: =I14 -> 2 | M14: =K14*(B14+C14)/C14 -> 10.740514 | N14: =SQRT(L14*L14+M14*M14) -> 10.925138 | P14: =Coordinates!AG14 -> 20.141065 | Q14: =(D14/2)/(TAN(RADIANS(P14))) -> 3.1355574 | R14: =(((TAN(RADIANS(Coordinates!AH14)))*3)*2)+D14 -> 4.7127796 | S14: 50 | T14: 10 | U14: 2
A15: 13 | B15: =Coordinates!E15 -> 233.33339 | C15: =((S15/2)/(TAN(RADIANS(P15))))-Q15 -> 69.141984 | D15: 2.3 | E15: 0 | F15: =COS(E15)^3 -> 1 | G15: =100*(K15*K15*F15/(16*B15*B15)) -> 0.00068013034 | I15: =Values!T15 -> 2 | J15: =C15-0.8 -> 68.341984 | K15: =SQRT(D15*(D15+((2*TAN(RADIANS(P15)))/2.5))) -> 2.4340694 | L15: =I15 -> 2 | M15: =K15*(B15+C15)/C15 -> 10.648321 | N15: =SQRT(L15*L15+M15*M15) -> 10.834517 | P15: =Coordinates!AG15 -> 19.031484 | Q15: =(D15/2)/(TAN(RADIANS(P15))) -> 3.3338902 | R15: =(((TAN(RADIANS(Coordinates!AH15)))*3)*2)+D15 -> 4.5692435 | S15: 50 | T15: 10 | U15: 2
... A82: 80 | B82: =Coordinates!E82 -> 263.34405 | C82: =((S82/2)/(TAN(RADIANS(P82))))-Q82 -> 79.010721 | D82: 2.3 | E82: 0 | F82: =COS(E82)^3 -> 1 | G82: =100*(K82*K82*F82/(16*B82*B82)) -> 0.00052680341 | I82: =Values!T82 -> 2 | J82: =C82-0.8 -> 78.210721 | K82: =SQRT(D82*(D82+((2*TAN(RADIANS(P82)))/2.5))) -> 2.41773 | L82: =I82 -> 2 | M82: =K82*(B82+C82)/C82 -> 10.476065 | N82: =SQRT(L82*L82+M82*M82) -> 10.665267 | P82: =Coordinates!AG82 -> 16.796848 | Q82: =(D82/2)/(TAN(RADIANS(P82))) -> 3.8097412 | R82: =(((TAN(RADIANS(Coordinates!AH82)))*3)*2)+D82 -> 4.2858065 | S82: 50 | T82: 10 | U82: 2

Sheet Coordinates
B1: x1 | C1: y1 | D1: z1 | E1: b | F1: S | G1: l | H1: l + b+Td | I1: x2 | J1: y2 | K1: z2 | O1: (l + b+Td)/2 | P1: xm | Q1: ym | R1: zm | S1: FR calc | T1: ϕ1 | U1: SR calc | V1: ϕ2
A2: Definitions | B2: x coordinate value at center of hole | C2: y coordinate value at center of hole | D2: z coordinate value at center of hole | E2: distance from center of hole to center of heart | F2: 3D slope | G2: length of collimator | I2: x coordinate value at end of detector | J2: y coordinate value at end of detector | K2: z coordinate value at end of detector | L2: x coordinate value at exposed face of scintillator | M2: y coordinate value at exposed face of scintillator | N2: z coordinate value at exposed face of scintillator | P2: x coordinate value at center point of system | Q2: y coordinate value at center point of system | R2: z coordinate value at center point of system | S2: Calculator for first rotation | T2: Rotation around z axis of GATE geometry | U2: Calculator for second rotation | V2: Rotation around x axis of GATE geometry | X2: pinhole range | Y2: pinhole azimuth (radians) | Z2: pinhole elevation (radians) | AA2: pinhole outer edge range | AB2: pinhole outer edge height | AC2: pinhole outer edge elevation (radians) | AD2: pinhole outer edge radius | AE2: RoI radius | AF2: pinhole outer edge angle (radians) | AG2: theta (degrees) | AH2: exit angle (degrees) | AJ2: Crystal Pitch
A3: 1 | B3: ='MDSL cloud import'!C3 -> 277.002 | C3: ='MDSL cloud import'!D3 -> 70.37124 | D3: ='MDSL cloud import'!E3 -> -70.0363 | E3: =SQRT((B3^2)+(C3^2)+(D3^2)) -> 294.25721 | F3: =SQRT((1)+((C3/B3)^2)+(D3/B3)^2) -> 1.0622927 | G3: =Main!C3 -> 89.070206 | H3: =E3+G3+Main!T3 -> 393.32741 | I3: =H3/F3*SIGN(B3) -> 370.26274 | J3: =I3*C3/B3 -> 94.063755 | K3: =I3*D3/B3 -> -93.616048 | L3: =(H3-Main!T3)/F3*SIGN(B3) -> 360.84914 | M3: =L3*C3/B3 -> 91.672268 | N3: =L3*D3/B3 -> -91.235943 | O3: =(H3)/2 -> 196.66371 | P3: =O3/F3*SIGN(B3) -> 185.13137 | Q3: =P3*C3/B3 -> 47.031878 | R3: =P3*D3/B3 -> -46.808024 | S3: =DEGREES(ATAN((ABS(C3))/(ABS(B3)))) -> 14.254215 | T3: =S3+180 -> 194.25422 | U3: =90-DEGREES(ACOS(ABS(D3/E3))) -> 13.769147 | V3: =-U3 -> -13.769147 | X3: =SQRT(SUMSQ(B3,C3)) -> 285.80101 | Y3: =(ATAN2(B3,C3)) -> 0.24878299 | Z3: =(ATAN2(X3,D3)) -> -0.24031695 | AA3: =-Main!D3/2*SIN(ABS(Z3))+X3 -> 285.5273 | AB3: =Main!D3/2*COS(ABS(Z3))*SIGN(Z3)+D3 -> -71.153252 | AC3: =ATAN2(AA3,AB3) -> -0.24422508 | AD3: =SQRT(SUMSQ(AA3,AB3)) -> 294.25945 | AE3: ='MDSL cloud import'!H2/2 -> 75 | AF3: =(ASIN(AE3/AD3)) -> 0.25772062 | AG3: =DEGREES(AF3+ABS(AC3-Z3)) -> 14.990223 | AH3: =DEGREES(ATAN((Main!S3/2+Main!D3/2)/Main!C3)) -> 16.361639 | AI3: =A3 -> 1 | AJ3: =Main!S3*(G3-Main!T3)/G3/25 -> 1.775458 | AK3: Value filled in from CAD | AP3: z
A4: 2 | B4: ='MDSL cloud import'!C4 -> 242.8831 | C4: ='MDSL cloud import'!D4 -> 107.2608 | D4: ='MDSL cloud import'!E4 -> -70.2602 | E4: =SQRT((B4^2)+(C4^2)+(D4^2)) -> 274.65173 | F4: =SQRT((1)+((C4/B4)^2)+(D4/B4)^2) -> 1.130798 | G4: =Main!C4 -> 82.700811 | H4: =E4+G4+Main!T4 -> 367.35255 | I4: =H4/F4*SIGN(B4) -> 324.86132 | J4: =I4*C4/B4 -> 143.46361 | K4: =I4*D4/B4 -> -93.974514 | L4: =(H4-Main!T4)/F4*SIGN(B4) -> 316.01801 | M4: =L4*C4/B4 -> 139.55827 | N4: =L4*D4/B4 -> -91.416358 | O4: =(H4)/2 -> 183.67627 | P4: =O4/F4*SIGN(B4) -> 162.43066 | Q4: =P4*C4/B4 -> 71.731803 | R4: =P4*D4/B4 -> -46.987257 | S4: =DEGREES(ATAN((ABS(C4))/(ABS(B4)))) -> 23.826968 | T4: =S4+180 -> 203.82697 | U4: =90-DEGREES(ACOS(ABS(D4/E4))) -> 14.821919 | V4: =-U4 -> -14.821919 | X4: =SQRT(SUMSQ(B4,C4)) -> 265.51286 | Y4: =(ATAN2(B4,C4)) -> 0.41585905 | Z4: =(ATAN2(X4,D4)) -> -0.25869129 | AA4: =-Main!D4/2*SIN(ABS(Z4))+X4 -> 265.21867 | AB4: =Main!D4/2*COS(ABS(Z4))*SIGN(Z4)+D4 -> -71.371934 | AC4: =ATAN2(AA4,AB4) -> -0.26287838 | AD4: =SQRT(SUMSQ(AA4,AB4)) -> 274.65414 | AE4: =AE3 -> 75 | AF4: =(ASIN(AE4/AD4)) -> 0.27658361 | AG4: =DEGREES(AF4+ABS(AC4-Z4)) -> 16.086977 | AH4: =DEGREES(ATAN((Main!S4/2+Main!D4/2)/Main!C4)) -> 17.546956 | AI4: =A4 -> 2 | AJ4: =Main!S4*(G4-Main!T4)/G4/25 -> 1.7581644 | AK4: New/revised calculation
A5: 3 | B5: ='MDSL cloud import'!C5 -> 201.3326 | C5: ='MDSL cloud import'!D5 -> 136.87 | D5: ='MDSL cloud import'!E5 -> -70.5519 | E5: =SQRT((B5^2)+(C5^2)+(D5^2)) -> 253.46752 | F5: =SQRT((1)+((C5/B5)^2)+(D5/B5)^2) -> 1.2589492 | G5: =Main!C5 -> 75.776076 | H5: =E5+G5+Main!T5 -> 339.24359 | I5: =H5/F5*SIGN(B5) -> 269.46567 | J5: =I5*C5/B5 -> 183.18825 | K5: =I5*D5/B5 -> -94.427405 | L5: =(H5-Main!T5)/F5*SIGN(B5) -> 261.52254 | M5: =L5*C5/B5 -> 177.78835 | N5: =L5*D5/B5 -> -91.643936 | O5: =(H5)/2 -> 169.6218 | P5: =O5/F5*SIGN(B5) -> 134.73284 | Q5: =P5*C5/B5 -> 91.594124 | R5: =P5*D5/B5 -> -47.213703 | S5: =DEGREES(ATAN((ABS(C5))/(ABS(B5)))) -> 34.208663 | T5: =S5+180 -> 214.20866 | U5: =90-DEGREES(ACOS(ABS(D5/E5))) -> 16.161568 | V5: =-U5 -> -16.161568 | X5: =SQRT(SUMSQ(B5,C5)) -> 243.45064 | Y5: =(ATAN2(B5,C5)) -> 0.59705381 | Z5: =(ATAN2(X5,D5)) -> -0.28207257 | AA5: =-Main!D5/2*SIN(ABS(Z5))+X5 -> 243.13054 | AB5: =Main!D5/2*COS(ABS(Z5))*SIGN(Z5)+D5 -> -71.656453 | AC5: =ATAN2(AA5,AB5) -> -0.28660961 | AD5: =SQRT(SUMSQ(AA5,AB5)) -> 253.47013 | AE5: =AE4 -> 75 | AF5: =(ASIN(AE5/AD5)) -> 0.30039009 | AG5: =DEGREES(AF5+ABS(AC5-Z5)) -> 17.471038 | AH5: =DEGREES(ATAN((Main!S5/2+Main!D5/2)/Main!C5)) -> 19.039336 | AI5: =A5 -> 3 | AJ5: =Main!S5*(G5-Main!T5)/G5/25 -> 1.7360645
A6: 4 | B6: ='MDSL cloud import'!C6 -> 155.0181 | C6: ='MDSL cloud import'!D6 -> 158.4473 | D6: ='MDSL cloud import'!E6 -> -70.9056 | E6: =SQRT((B6^2)+(C6^2)+(D6^2)) -> 232.73109 | F6: =SQRT((1)+((C6/B6)^2)+(D6/B6)^2) -> 1.5013156 | G6: =Main!C6 -> 68.942582 | H6: =E6+G6+Main!T6 -> 311.67368 | I6: =H6/F6*SIGN(B6) -> 207.60037 | J6: =I6*C6/B6 -> 212.19276 | K6: =I6*D6/B6 -> -94.956839 | L6: =(H6-Main!T6)/F6*SIGN(B6) -> 200.93954 | M6: =L6*C6/B6 -> 205.38459 | N6: =L6*D6/B6 -> -91.910164 | O6: =(H6)/2 -> 155.83684 | P6: =O6/F6*SIGN(B6) -> 103.80018 | Q6: =P6*C6/B6 -> 106.09638 | R6: =P6*D6/B6 -> -47.478419 | S6: =DEGREES(ATAN((ABS(C6))/(ABS(B6)))) -> 45.62677 | T6: =S6+180 -> 225.62677 | U6: =90-DEGREES(ACOS(ABS(D6/E6))) -> 17.738161 | V6: =-U6 -> -17.738161 | X6: =SQRT(SUMSQ(B6,C6)) -> 221.66677 | Y6: =(ATAN2(B6,C6)) -> 0.79633737 | Z6: =(ATAN2(X6,D6)) -> -0.30958931 | AA6: =-Main!D6/2*SIN(ABS(Z6))+X6 -> 221.31641 | AB6: =Main!D6/2*COS(ABS(Z6))*SIGN(Z6)+D6 -> -72.000928 | AC6: =ATAN2(AA6,AB6) -> -0.31453059 | AD6: =SQRT(SUMSQ(AA6,AB6)) -> 232.73394 | AE6: =AE5 -> 75 | AF6: =(ASIN(AE6/AD6)) -> 0.32811208 | AG6: =DEGREES(AF6+ABS(AC6-Z6)) -> 19.082552 | AH6: =DEGREES(ATAN((Main!S6/2+Main!D6/2)/Main!C6)) -> 20.771794 | AI6: =A6 -> 4 | AJ6: =Main!S6*(G6-Main!T6)/G6/25 -> 1.7099035
A7: 5 | B7: ='MDSL cloud import'!C7 -> 106.2709 | C7: ='MDSL cloud import'!D7 -> 171.9591 | D7: ='MDSL cloud import'!E7 -> -71.3542 | E7: =SQRT((B7^2)+(C7^2)+(D7^2)) -> 214.37084 | F7: =SQRT((1)+((C7/B7)^2)+(D7/B7)^2) -> 2.0172111 | G7: =Main!C7 -> 62.832246 | H7: =E7+G7+Main!T7 -> 287.20309 | I7: =H7/F7*SIGN(B7) -> 142.37632 | J7: =I7*C7/B7 -> 230.38201 | K7: =I7*D7/B7 -> -95.596707 | L7: =(H7-Main!T7)/F7*SIGN(B7) -> 137.41898 | M7: =L7*C7/B7 -> 222.36043 | N7: =L7*D7/B7 -> -92.268167 | O7: =(H7)/2 -> 143.60154 | P7: =O7/F7*SIGN(B7) -> 71.188158 | Q7: =P7*C7/B7 -> 115.191 | R7: =P7*D7/B7 -> -47.798354 | S7: =DEGREES(ATAN((ABS(C7))/(ABS(B7)))) -> 58.283892 | T7: =S7+180 -> 238.28389 | U7: =90-DEGREES(ACOS(ABS(D7/E7))) -> 19.442096 | V7: =-U7 -> -19.442096 | X7: =SQRT(SUMSQ(B7,C7)) -> 202.14707 | Y7: =(ATAN2(B7,C7)) -> 1.0172458 | Z7: =(ATAN2(X7,D7)) -> -0.33932858 | AA7: =-Main!D7/2*SIN(ABS(Z7))+X7 -> 201.76428 | AB7: =Main!D7/2*COS(ABS(Z7))*SIGN(Z7)+D7 -> -72.438625 | AC7: =ATAN2(AA7,AB7) -> -0.34469307 | AD7: =SQRT(SUMSQ(AA7,AB7)) -> 214.37393 | AE7: =AE6 -> 75 | AF7: =(ASIN(AE7/AD7)) -> 0.35741736 | AG7: =DEGREES(AF7+ABS(AC7-Z7)) -> 20.785869 | AH7: =DEGREES(ATAN((Main!S7/2+Main!D7/2)/Main!C7)) -> 22.596472 | AI7: =A7 -> 5 | AJ7: =Main!S7*(G7-Main!T7)/G7/25 -> 1.6816921
A8: 6 | B8: ='MDSL cloud import'!C8 -> 56.74056 | C8: ='MDSL cloud import'!D8 -> 177.7703 | D8: ='MDSL cloud import'!E8 -> -71.7895 | E8: =SQRT((B8^2)+(C8^2)+(D8^2)) -> 199.93875 | F8: =SQRT((1)+((C8/B8)^2)+(D8/B8)^2) -> 3.5237359 | G8: =Main!C8 -> 57.97763 | H8: =E8+G8+Main!T8 -> 267.91638 | I8: =H8/F8*SIGN(B8) -> 76.031912 | J8: =I8*C8/B8 -> 238.21083 | K8: =I8*D8/B8 -> -96.197376 | L8: =(H8-Main!T8)/F8*SIGN(B8) -> 73.194015 | M8: =L8*C8/B8 -> 229.31959 | N8: =L8*D8/B8 -> -92.606801 | O8: =(H8)/2 -> 133.95819 | P8: =O8/F8*SIGN(B8) -> 38.015956 | Q8: =P8*C8/B8 -> 119.10541 | R8: =P8*D8/B8 -> -48.098688 | S8: =DEGREES(ATAN((ABS(C8))/(ABS(B8)))) -> 72.298005 | T8: =S8+180 -> 252.29801 | U8: =90-DEGREES(ACOS(ABS(D8/E8))) -> 21.042323 | V8: =-U8 -> -21.042323 | X8: =SQRT(SUMSQ(B8,C8)) -> 186.60592 | Y8: =(ATAN2(B8,C8)) -> 1.2618382 | Z8: =(ATAN2(X8,D8)) -> -0.36725782 | AA8: =-Main!D8/2*SIN(ABS(Z8))+X8 -> 186.19301 | AB8: =Main!D8/2*COS(ABS(Z8))*SIGN(Z8)+D8 -> -72.862813 | AC8: =ATAN2(AA8,AB8) -> -0.37300952 | AD8: =SQRT(SUMSQ(AA8,AB8)) -> 199.94206 | AE8: =AE7 -> 75 | AF8: =(ASIN(AE8/AD8)) -> 0.38451401 | AG8: =DEGREES(AF8+ABS(AC8-Z8)) -> 22.360578 | AH8: =DEGREES(ATAN((Main!S8/2+Main!D8/2)/Main!C8)) -> 24.27709 | AI8: =A8 -> 6 | AJ8: =Main!S8*(G8-Main!T8)/G8/25 -> 1.6550394
A9: 7 | B9: ='MDSL cloud import'!C9 -> 7.351419 | C9: ='MDSL cloud import'!D9 -> 176.2461 | D9: ='MDSL cloud import'!E9 -> -72.1241 | E9: =SQRT((B9^2)+(C9^2)+(D9^2)) -> 190.57444 | F9: =SQRT((1)+((C9/B9)^2)+(D9/B9)^2) -> 25.92349 | G9: =Main!C9 -> 54.797151 | H9: =E9+G9+Main!T9 -> 255.37159 | I9: =H9/F9*SIGN(B9) -> 9.8509725 | J9: =I9*C9/B9 -> 236.17148 | K9: =I9*D9/B9 -> -96.646991 | L9: =(H9-Main!T9)/F9*SIGN(B9) -> 9.465222 | M9: =L9*C9/B9 -> 226.92333 | N9: =L9*D9/B9 -> -92.862428 | O9: =(H9)/2 -> 127.6858 | P9: =O9/F9*SIGN(B9) -> 4.9254863 | Q9: =P9*C9/B9 -> 118.08574 | R9: =P9*D9/B9 -> -48.323496 | S9: =DEGREES(ATAN((ABS(C9))/(ABS(B9)))) -> 87.611514 | T9: =S9+180 -> 267.61151 | U9: =90-DEGREES(ACOS(ABS(D9/E9))) -> 22.238096 | V9: =-U9 -> -22.238096 | X9: =SQRT(SUMSQ(B9,C9)) -> 176.39935 | Y9: =(ATAN2(B9,C9)) -> 1.5291094 | Z9: =(ATAN2(X9,D9)) -> -0.38812799 | AA9: =-Main!D9/2*SIN(ABS(Z9))+X9 -> 175.96413 | AB9: =Main!D9/2*COS(ABS(Z9))*SIGN(Z9)+D9 -> -73.188562 | AC9: =ATAN2(AA9,AB9) -> -0.39416231 | AD9: =SQRT(SUMSQ(AA9,AB9)) -> 190.57791 | AE9: =AE8 -> 75 | AF9: =(ASIN(AE9/AD9)) -> 0.40447899 | AG9: =DEGREES(AF9+ABS(AC9-Z9)) -> 23.520679 | AH9: =DEGREES(ATAN((Main!S9/2+Main!D9/2)/Main!C9)) -> 25.511157 | AI9: =A9 -> 7 | AJ9: =Main!S9*(G9-Main!T9)/G9/25 -> 1.6350175
A10: 8 | B10: ='MDSL cloud import'!C10 -> -41.7583 | C10: ='MDSL cloud import'!D10 -> 167.3279 | D10: ='MDSL cloud import'!E10 -> -72.2656 | E10: =SQRT((B10^2)+(C10^2)+(D10^2)) -> 186.9885 | F10: =SQRT((1)+((C10/B10)^2)+(D10/B10)^2) -> 4.4778762 | G10: =Main!C10 -> 53.571762 | H10: =E10+G10+Main!T10 -> 250.56026 | I10: =H10/F10*SIGN(B10) -> -55.955156 | J10: =I10*C10/B10 -> 224.21551 | K10: =I10*D10/B10 -> -96.834232 | L10: =(H10-Main!T10)/F10*SIGN(B10) -> -53.721954 | M10: =L10*C10/B10 -> 215.26695 | N10: =L10*D10/B10 -> -92.969523 | O10: =(H10)/2 -> 125.28013 | P10: =O10/F10*SIGN(B10) -> -27.977578 | Q10: =P10*C10/B10 -> 112.10776 | R10: =P10*D10/B10 -> -48.417116 | S10: =DEGREES(ATAN((ABS(C10))/(ABS(B10)))) -> 75.987503 | T10: =-S10 -> -75.987503 | U10: =90-DEGREES(ACOS(ABS(D10/E10))) -> 22.735081 | V10: =-U10 -> -22.735081 | X10: =SQRT(SUMSQ(B10,C10)) -> 172.4598 | Y10: =(ATAN2(B10,C10)) -> 1.8153605 | Z10: =(ATAN2(X10,D10)) -> -0.39680203 | AA10: =-Main!D10/2*SIN(ABS(Z10))+X10 -> 172.01536 | AB10: =Main!D10/2*COS(ABS(Z10))*SIGN(Z10)+D10 -> -73.326247 | AC10: =ATAN2(AA10,AB10) -> -0.40295206 | AD10: =SQRT(SUMSQ(AA10,AB10)) -> 186.99204 | AE10: =AE9 -> 75 | AF10: =(ASIN(AE10/AD10)) -> 0.41270273 | AG10: =DEGREES(AF10+ABS(AC10-Z10)) -> 23.998496 | AH10: =DEGREES(ATAN((Main!S10/2+Main!D10/2)/Main!C10)) -> 26.018405 | AI10: =A10 -> 8 | AJ10: =Main!S10*(G10-Main!T10)/G10/25 -> 1.626669
A11: 9 | B11: ='MDSL cloud import'!C11 -> -89.0623 | C11: ='MDSL cloud import'!D11 -> 150.8126 | D11: ='MDSL cloud import'!E11 -> -72.1683 | E11: =SQRT((B11^2)+(C11^2)+(D11^2)) -> 189.43283 | F11: =SQRT((1)+((C11/B11)^2)+(D11/B11)^2) -> 2.1269699 | G11: =Main!C11 -> 54.407518 | H11: =E11+G11+Main!T11 -> 253.84035 | I11: =H11/F11*SIGN(B11) -> -119.34365 | J11: =I11*C11/B11 -> 202.08917 | K11: =I11*D11/B11 -> -96.705658 | L11: =(H11-Main!T11)/F11*SIGN(B11) -> -114.64213 | M11: =L11*C11/B11 -> 194.1279 | N11: =L11*D11/B11 -> -92.895954 | O11: =(H11)/2 -> 126.92017 | P11: =O11/F11*SIGN(B11) -> -59.671825 | Q11: =P11*C11/B11 -> 101.04458 | R11: =P11*D11/B11 -> -48.352829 | S11: =DEGREES(ATAN((ABS(C11))/(ABS(B11)))) -> 59.436048 | T11: =-S11 -> -59.436048 | U11: =90-DEGREES(ACOS(ABS(D11/E11))) -> 22.393804 | V11: =-U11 -> -22.393804 | X11: =SQRT(SUMSQ(B11,C11)) -> 175.14718 | Y11: =(ATAN2(B11,C11)) -> 2.1042379 | Z11: =(ATAN2(X11,D11)) -> -0.39084561 | AA11: =-Main!D11/2*SIN(ABS(Z11))+X11 -> 174.70906 | AB11: =Main!D11/2*COS(ABS(Z11))*SIGN(Z11)+D11 -> -73.231575 | AC11: =ATAN2(AA11,AB11) -> -0.39691629 | AD11: =SQRT(SUMSQ(AA11,AB11)) -> 189.43632 | AE11: =AE10 -> 75 | AF11: =(ASIN(AE11/AD11)) -> 0.40706014 | AG11: =DEGREES(AF11+ABS(AC11-Z11)) -> 23.670652 | AH11: =DEGREES(ATAN((Main!S11/2+Main!D11/2)/Main!C11)) -> 25.670434 | AI11: =A11 -> 9 | AJ11: =Main!S11*(G11-Main!T11)/G11/25 -> 1.6324037
A12: 10 | B12: ='MDSL cloud import'!C12 -> -132.361 | C12: ='MDSL cloud import'!D12 -> 126.955 | D12: ='MDSL cloud import'!E12 -> -71.8898 | E12: =SQRT((B12^2)+(C12^2)+(D12^2)) -> 196.99023 | F12: =SQRT((1)+((C12/B12)^2)+(D12/B12)^2) -> 1.48828 | G12: =Main!C12 -> 56.97906 | H12: =E12+G12+Main!T12 -> 263.96929 | I12: =H12/F12*SIGN(B12) -> -177.36534 | J12: =I12*C12/B12 -> 170.12124 | K12: =I12*D12/B12 -> -96.333201 | L12: =(H12-Main!T12)/F12*SIGN(B12) -> -170.64617 | M12: =L12*C12/B12 -> 163.6765 | N12: =L12*D12/B12 -> -92.683792 | O12: =(H12)/2 -> 131.98464 | P12: =O12/F12*SIGN(B12) -> -88.68267 | Q12: =P12*C12/B12 -> 85.060618 | R12: =P12*D12/B12 -> -48.166601 | S12: =DEGREES(ATAN((ABS(C12))/(ABS(B12)))) -> 43.805719 | T12: =-S12 -> -43.805719 | U12: =90-DEGREES(ACOS(ABS(D12/E12))) -> 21.403948 | V12: =-U12 -> -21.403948 | X12: =SQRT(SUMSQ(B12,C12)) -> 183.40394 | Y12: =(ATAN2(B12,C12)) -> 2.3770386 | Z12: =(ATAN2(X12,D12)) -> -0.37356937 | AA12: =-Main!D12/2*SIN(ABS(Z12))+X12 -> 182.98426 | AB12: =Main!D12/2*COS(ABS(Z12))*SIGN(Z12)+D12 -> -72.960485 | AC12: =ATAN2(AA12,AB12) -> -0.37940716 | AD12: =SQRT(SUMSQ(AA12,AB12)) -> 196.99358 | AE12: =AE11 -> 75 | AF12: =(ASIN(AE12/AD12)) -> 0.39057812 | AG12: =DEGREES(AF12+ABS(AC12-Z12)) -> 22.712958 | AH12: =DEGREES(ATAN((Main!S12/2+Main!D12/2)/Main!C12)) -> 24.652309 | AI12: =A12 -> 10 | AJ12: =Main!S12*(G12-Main!T12)/G12/25 -> 1.6489939
A13: 11 | B13: ='MDSL cloud import'!C13 -> -170.499 | C13: ='MDSL cloud import'!D13 -> 95.57272 | D13: ='MDSL cloud import'!E13 -> -71.5318 | E13: =SQRT((B13^2)+(C13^2)+(D13^2)) -> 208.13662 | F13: =SQRT((1)+((C13/B13)^2)+(D13/B13)^2) -> 1.2207498 | G13: =Main!C13 -> 60.741525 | H13: =E13+G13+Main!T13 -> 278.87814 | I13: =H13/F13*SIGN(B13) -> -228.44824 | J13: =I13*C13/B13 -> 128.056 | K13: =I13*D13/B13 -> -95.844046 | L13: =(H13-Main!T13)/F13*SIGN(B13) -> -220.25655 | M13: =L13*C13/B13 -> 123.46417 | N13: =L13*D13/B13 -> -92.407274 | O13: =(H13)/2 -> 139.43907 | P13: =O13/F13*SIGN(B13) -> -114.22412 | Q13: =P13*C13/B13 -> 64.028 | R13: =P13*D13/B13 -> -47.922023 | S13: =DEGREES(ATAN((ABS(C13))/(ABS(B13)))) -> 29.272684 | T13: =-S13 -> -29.272684 | U13: =90-DEGREES(ACOS(ABS(D13/E13))) -> 20.101065 | V13: =-U13 -> -20.101065 | X13: =SQRT(SUMSQ(B13,C13)) -> 195.45857 | Y13: =(ATAN2(B13,C13)) -> 2.6306879 | Z13: =(ATAN2(X13,D13)) -> -0.35082977 | AA13: =-Main!D13/2*SIN(ABS(Z13))+X13 -> 195.06334 | AB13: =Main!D13/2*COS(ABS(Z13))*SIGN(Z13)+D13 -> -72.611751 | AC13: =ATAN2(AA13,AB13) -> -0.35635493 | AD13: =SQRT(SUMSQ(AA13,AB13)) -> 208.1398 | AE13: =AE12 -> 75 | AF13: =(ASIN(AE13/AD13)) -> 0.36862672 | AG13: =DEGREES(AF13+ABS(AC13-Z13)) -> 21.437324 | AH13: =DEGREES(ATAN((Main!S13/2+Main!D13/2)/Main!C13)) -> 23.292494 | AI13: =A13 -> 11 | AJ13: =Main!S13*(G13-Main!T13)/G13/25 -> 1.670736
A14: 12 | B14: ='MDSL cloud import'!C14 -> -201.258 | C14: ='MDSL cloud import'!D14 -> 56.97774 | D14: ='MDSL cloud import'!E14 -> -71.1818 | E14: =SQRT((B14^2)+(C14^2)+(D14^2)) -> 220.94817 | F14: =SQRT((1)+((C14/B14)^2)+(D14/B14)^2) -> 1.0978355 | G14: =Main!C14 -> 65.028733 | H14: =E14+G14+Main!T14 -> 295.9769 | I14: =H14/F14*SIGN(B14) -> -269.60042 | J14: =I14*C14/B14 -> 76.326023 | K14: =I14*D14/B14 -> -95.353443 | L14: =(H14-Main!T14)/F14*SIGN(B14) -> -260.49159 | M14: =L14*C14/B14 -> 73.74724 | N14: =L14*D14/B14 -> -92.131791 | O14: =(H14)/2 -> 147.98845 | P14: =O14/F14*SIGN(B14) -> -134.80021 | Q14: =P14*C14/B14 -> 38.163011 | R14: =P14*D14/B14 -> -47.676721 | S14: =DEGREES(ATAN((ABS(C14))/(ABS(B14)))) -> 15.807239 | T14: =-S14 -> -15.807239 | U14: =90-DEGREES(ACOS(ABS(D14/E14))) -> 18.793914 | V14: =-U14 -> -18.793914 | X14: =SQRT(SUMSQ(B14,C14)) -> 209.16798 | Y14: =(ATAN2(B14,C14)) -> 2.8657043 | Z14: =(ATAN2(X14,D14)) -> -0.32801569 | AA14: =-Main!D14/2*SIN(ABS(Z14))+X14 -> 208.79749 | AB14: =Main!D14/2*COS(ABS(Z14))*SIGN(Z14)+D14 -> -72.270486 | AC14: =ATAN2(AA14,AB14) -> -0.33322048 | AD14: =SQRT(SUMSQ(AA14,AB14)) -> 220.95116 | AE14: =AE13 -> 75 | AF14: =(ASIN(AE14/AD14)) -> 0.34632311 | AG14: =DEGREES(AF14+ABS(AC14-Z14)) -> 20.141065 | AH14: =DEGREES(ATAN((Main!S14/2+Main!D14/2)/Main!C14)) -> 21.906536 | AI14: =A14 -> 12 | AJ14: =Main!S14*(G14-Main!T14)/G14/25 -> 1.6924436
A15: 13 | B15: ='MDSL cloud import'!C15 -> -221.948 | C15: ='MDSL cloud import'!D15 -> 12.56229 | D15: ='MDSL cloud import'!E15 -> -70.8925 | E15: =SQRT((B15^2)+(C15^2)+(D15^2)) -> 233.33339 | F15: =SQRT((1)+((C15/B15)^2)+(D15/B15)^2) -> 1.0512976 | G15: =Main!C15 -> 69.141984 | H15: =E15+G15+Main!T15 -> 312.47538 | I15: =H15/F15*SIGN(B15) -> -297.22829 | J15: =I15*C15/B15 -> 16.823166 | K15: =I15*D15/B15 -> -94.937807 | L15: =(H15-Main!T15)/F15*SIGN(B15) -> -287.71623 | M15: =L15*C15/B15 -> 16.284782 | N15: =L15*D15/B15 -> -91.899558 | O15: =(H15)/2 -> 156.23769 | P15: =O15/F15*SIGN(B15) -> -148.61414 | Q15: =P15*C15/B15 -> 8.4115828 | R15: =P15*D15/B15 -> -47.468904 | S15: =DEGREES(ATAN((ABS(C15))/(ABS(B15)))) -> 3.2394933 | T15: =-S15 -> -3.2394933 | U15: =90-DEGREES(ACOS(ABS(D15/E15))) -> 17.687482 | V15: =-U15 -> -17.687482 | X15: =SQRT(SUMSQ(B15,C15)) -> 222.30323 | Y15: =(ATAN2(B15,C15)) -> 3.0850528 | Z15: =(ATAN2(X15,D15)) -> -0.3087048 | AA15: =-Main!D15/2*SIN(ABS(Z15))+X15 -> 221.95383 | AB15: =Main!D15/2*COS(ABS(Z15))*SIGN(Z15)+D15 -> -71.988137 | AC15: =ATAN2(AA15,AB15) -> -0.31363333 | AD15: =SQRT(SUMSQ(AA15,AB15)) -> 233.33623 | AE15: =AE14 -> 75 | AF15: =(ASIN(AE15/AD15)) -> 0.32723352 | AG15: =DEGREES(AF15+ABS(AC15-Z15)) -> 19.031484 | AH15: =DEGREES(ATAN((Main!S15/2+Main!D15/2)/Main!C15)) -> 20.716982 | AI15: =A15 -> 13 | AJ15: =Main!S15*(G15-Main!T15)/G15/25 -> 1.7107401
A16: 14 | B16: ='MDSL cloud import'!C16 -> -230.423 | C16: ='MDSL cloud import'!D16 -> -35.1111 | D16: ='MDSL cloud import'!E16 -> -70.7108 | E16: =SQRT((B16^2)+(C16^2)+(D16^2)) -> 243.57251 | F16: =SQRT((1)+((C16/B16)^2)+(D16/B16)^2) -> 1.0570668 | G16: =Main!C16 -> 72.523027 | H16: =E16+G16+Main!T16 -> 326.09553 | I16: =H16/F16*SIGN(B16) -> -308.49094 | J16: =I16*C16/B16 -> -47.006836 | K16: =I16*D16/B16 -> -94.667811 | L16: =(H16-Main!T16)/F16*SIGN(B16) -> -299.0308 | M16: =L16*C16/B16 -> -45.565331 | N16: =L16*D16/B16 -> -91.764741 | O16: =(H16)/2 -> 163.04777 | P16: =O16/F16*SIGN(B16) -> -154.24547 | Q16: =P16*C16/B16 -> -23.503418 | R16: =P16*D16/B16 -> -47.333906 | S16: =DEGREES(ATAN((ABS(C16))/(ABS(B16)))) -> 8.6638982 | T16: =S16 -> 8.6638982 | U16: =90-DEGREES(ACOS(ABS(D16/E16))) -> 16.876336 | V16: =-U16 -> -16.876336 | X16: =SQRT(SUMSQ(B16,C16)) -> 233.08271 | Y16: =(ATAN2(B16,C16)) -> -2.9903791 | Z16: =(ATAN2(X16,D16)) -> -0.29454762 | AA16: =-Main!D16/2*SIN(ABS(Z16))+X16 -> 232.74885 | AB16: =Main!D16/2*COS(ABS(Z16))*SIGN(Z16)+D16 -> -71.811274 | AC16: =ATAN2(AA16,AB16) -> -0.29926898 | AD16: =SQRT(SUMSQ(AA16,AB16)) -> 243.57522 | AE16: =AE15 -> 75 | AF16: =(ASIN(AE16/AD16)) -> 0.31299878 | AG16: =DEGREES(AF16+ABS(AC16-Z16)) -> 18.204022 | AH16: =DEGREES(ATAN((Main!S16/2+Main!D16/2)/Main!C16)) -> 19.828043 | AI16: =A16 -> 14 | AJ16: =Main!S16*(G16-Main!T16)/G16/25 -> 1.7242255
A17: 15 | B17: ='MDSL cloud import'!C17 -> -225.927 | C17: ='MDSL cloud import'!D17 -> -82.9365 | D17: ='MDSL cloud import'!E17 -> -70.5931 | E17: =SQRT((B17^2)+(C17^2)+(D17^2)) -> 250.80841 | F17: =SQRT((1)+((C17/B17)^2)+(D17/B17)^2) -> 1.1101303 | G17: =Main!C17 -> 74.903158 | H17: =E17+G17+Main!T17 -> 335.71157 | I17: =H17/F17*SIGN(B17) -> -302.40735 | J17: =I17*C17/B17 -> -111.012 | K17: =I17*D17/B17 -> -94.490134 | L17: =(H17-Main!T17)/F17*SIGN(B17) -> -293.3994 | M17: =L17*C17/B17 -> -107.70523 | N17: =L17*D17/B17 -> -91.675512 | O17: =(H17)/2 -> 167.85578 | P17: =O17/F17*SIGN(B17) -> -151.20368 | Q17: =P17*C17/B17 -> -55.505999 | R17: =P17*D17/B17 -> -47.245067 | S17: =DEGREES(ATAN((ABS(C17))/(ABS(B17)))) -> 20.157895 | T17: =S17 -> 20.157895 | U17: =90-DEGREES(ACOS(ABS(D17/E17))) -> 16.347496 | V17: =-U17 -> -16.347496 | X17: =SQRT(SUMSQ(B17,C17)) -> 240.6688 | Y17: =(ATAN2(B17,C17)) -> -2.789771 | Z17: =(ATAN2(X17,D17)) -> -0.28531763 | AA17: =-Main!D17/2*SIN(ABS(Z17))+X17 -> 240.34512 | AB17: =Main!D17/2*COS(ABS(Z17))*SIGN(Z17)+D17 -> -71.696608 | AC17: =ATAN2(AA17,AB17) -> -0.28990277 | AD17: =SQRT(SUMSQ(AA17,AB17)) -> 250.81105 | AE17: =AE16 -> 75 | AF17: =(ASIN(AE17/AD17)) -> 0.30367587 | AG17: =DEGREES(AF17+ABS(AC17-Z17)) -> 17.662055 | AH17: =DEGREES(ATAN((Main!S17/2+Main!D17/2)/Main!C17)) -> 19.244986 | AI17: =A17 -> 15 | AJ17: =Main!S17*(G17-Main!T17)/G17/25 -> 1.7329886
A18: 16 | B18: ='MDSL cloud import'!C18 -> -209.229 | C18: ='MDSL cloud import'!D18 -> -127.899 | D18: ='MDSL cloud import'!E18 -> -70.5263 | E18: =SQRT((B18^2)+(C18^2)+(D18^2)) -> 255.16443 | F18: =SQRT((1)+((C18/B18)^2)+(D18/B18)^2) -> 1.2195462 | G18: =Main!C18 -> 76.332661 | H18: =E18+G18+Main!T18 -> 341.49709 | I18: =H18/F18*SIGN(B18) -> -280.01981 | J18: =I18*C18/B18 -> -171.17251 | K18: =I18*D18/B18 -> -94.388259 | L18: =(H18-Main!T18)/F18*SIGN(B18) -> -271.82004 | M18: =L18*C18/B18 -> -166.1601 | N18: =L18*D18/B18 -> -91.624304 | O18: =(H18)/2 -> 170.74855 | P18: =O18/F18*SIGN(B18) -> -140.0099 | Q18: =P18*C18/B18 -> -85.586256 | R18: =P18*D18/B18 -> -47.194129 | S18: =DEGREES(ATAN((ABS(C18))/(ABS(B18)))) -> 31.436909 | T18: =S18 -> 31.436909 | U18: =90-DEGREES(ACOS(ABS(D18/E18))) -> 16.045194 | V18: =-U18 -> -16.045194 | X18: =SQRT(SUMSQ(B18,C18)) -> 245.22424 | Y18: =(ATAN2(B18,C18)) -> -2.5929151 | Z18: =(ATAN2(X18,D18)) -> -0.28004146 | AA18: =-Main!D18/2*SIN(ABS(Z18))+X18 -> 244.90639 | AB18: =Main!D18/2*COS(ABS(Z18))*SIGN(Z18)+D18 -> -71.631501 | AC18: =ATAN2(AA18,AB18) -> -0.28454833 | AD18: =SQRT(SUMSQ(AA18,AB18)) -> 255.16702 | AE18: =AE17 -> 75 | AF18: =(ASIN(AE18/AD18)) -> 0.29833078 | AG18: =DEGREES(AF18+ABS(AC18-Z18)) -> 17.351319 | AH18: =DEGREES(ATAN((Main!S18/2+Main!D18/2)/Main!C18)) -> 18.910405 | AI18: =A18 -> 16 | AJ18: =Main!S18*(G18-Main!T18)/G18/25 -> 1.737989
A19: 17 | B19: ='MDSL cloud import'!C19 -> -182.273 | C19: ='MDSL cloud import'!D19 -> -167.656 | D19: ='MDSL cloud import'!E19 -> -70.4918 | E19: =SQRT((B19^2)+(C19^2)+(D19^2)) -> 257.48995 | F19: =SQRT((1)+((C19/B19)^2)+(D19/B19)^2) -> 1.412661 | G19: =Main!C19 -> 77.094853 | H19: =E19+G19+Main!T19 -> 344.5848 | I19: =H19/F19*SIGN(B19) -> -243.92605 | J19: =I19*C19/B19 -> -224.36491 | K19: =I19*D19/B19 -> -94.335344 | L19: =(H19-Main!T19)/F19*SIGN(B19) -> -236.84721 | M19: =L19*C19/B19 -> -217.85374 | N19: =L19*D19/B19 -> -91.597692 | O19: =(H19)/2 -> 172.2924 | P19: =O19/F19*SIGN(B19) -> -121.96302 | Q19: =P19*C19/B19 -> -112.18246 | R19: =P19*D19/B19 -> -47.167672 | S19: =DEGREES(ATAN((ABS(C19))/(ABS(B19)))) -> 42.60807 | T19: =S19 -> 42.60807 | U19: =90-DEGREES(ACOS(ABS(D19/E19))) -> 15.888444 | V19: =-U19 -> -15.888444 | X19: =SQRT(SUMSQ(B19,C19)) -> 247.65294 | Y19: =(ATAN2(B19,C19)) -> -2.3979416 | Z19: =(ATAN2(X19,D19)) -> -0.27730567 | AA19: =-Main!D19/2*SIN(ABS(Z19))+X19 -> 247.33811 | AB19: =Main!D19/2*COS(ABS(Z19))*SIGN(Z19)+D19 -> -71.597866 | AC19: =ATAN2(AA19,AB19) -> -0.28177183 | AD19: =SQRT(SUMSQ(AA19,AB19)) -> 257.49252 | AE19: =AE18 -> 75 | AF19: =(ASIN(AE19/AD19)) -> 0.29555476 | AG19: =DEGREES(AF19+ABS(AC19-Z19)) -> 17.189933 | AH19: =DEGREES(ATAN((Main!S19/2+Main!D19/2)/Main!C19)) -> 18.736554 | AI19: =A19 -> 17 | AJ19: =Main!S19*(G19-Main!T19)/G19/25 -> 1.7405793
A20: 18 | B20: ='MDSL cloud import'!C20 -> -147.473 | C20: ='MDSL cloud import'!D20 -> -200.839 | D20: ='MDSL cloud import'!E20 -> -70.4707 | E20: =SQRT((B20^2)+(C20^2)+(D20^2)) -> 258.94152 | F20: =SQRT((1)+((C20/B20)^2)+(D20/B20)^2) -> 1.7558571 | G20: =Main!C20 -> 77.570277 | H20: =E20+G20+Main!T20 -> 346.51179 | I20: =H20/F20*SIGN(B20) -> -197.34624 | J20: =I20*C20/B20 -> -268.75985 | K20: =I20*D20/B20 -> -94.302872 | L20: =(H20-Main!T20)/F20*SIGN(B20) -> -191.65101 | M20: =L20*C20/B20 -> -261.00369 | N20: =L20*D20/B20 -> -91.581381 | O20: =(H20)/2 -> 173.2559 | P20: =O20/F20*SIGN(B20) -> -98.673118 | Q20: =P20*C20/B20 -> -134.37992 | R20: =P20*D20/B20 -> -47.151436 | S20: =DEGREES(ATAN((ABS(C20))/(ABS(B20)))) -> 53.710732 | T20: =S20 -> 53.710732 | U20: =90-DEGREES(ACOS(ABS(D20/E20))) -> 15.792191 | V20: =-U20 -> -15.792191 | X20: =SQRT(SUMSQ(B20,C20)) -> 249.16779 | Y20: =(ATAN2(B20,C20)) -> -2.2041635 | Z20: =(ATAN2(X20,D20)) -> -0.27562572 | AA20: =-Main!D20/2*SIN(ABS(Z20))+X20 -> 248.85482 | AB20: =Main!D20/2*COS(ABS(Z20))*SIGN(Z20)+D20 -> -71.577293 | AC20: =ATAN2(AA20,AB20) -> -0.28006685 | AD20: =SQRT(SUMSQ(AA20,AB20)) -> 258.94407 | AE20: =AE19 -> 75 | AF20: =(ASIN(AE20/AD20)) -> 0.29384843 | AG20: =DEGREES(AF20+ABS(AC20-Z20)) -> 17.090733 | AH20: =DEGREES(ATAN((Main!S20/2+Main!D20/2)/Main!C20)) -> 18.629664 | AI20: =A20 -> 18 | AJ20: =Main!S20*(G20-Main!T20)/G20/25 -> 1.7421693
A21: 19 | B21: ='MDSL cloud import'!C21 -> -107.125 | C21: ='MDSL cloud import'!D21 -> -226.898 | D21: ='MDSL cloud import'!E21 -> -70.4467 | E21: =SQRT((B21^2)+(C21^2)+(D21^2)) -> 260.61697 | F21: =SQRT((1)+((C21/B21)^2)+(D21/B21)^2) -> 2.4328305 | G21: =Main!C21 -> 78.118722 | H21: =E21+G21+Main!T21 -> 348.73569 | I21: =H21/F21*SIGN(B21) -> -143.34566 | J21: =I21*C21/B21 -> -303.6158 | K21: =I21*D21/B21 -> -94.265844 | L21: =(H21-Main!T21)/F21*SIGN(B21) -> -139.23522 | M21: =L21*C21/B21 -> -294.90962 | N21: =L21*D21/B21 -> -91.56277 | O21: =(H21)/2 -> 174.36785 | P21: =O21/F21*SIGN(B21) -> -71.672829 | Q21: =P21*C21/B21 -> -151.8079 | R21: =P21*D21/B21 -> -47.132922 | S21: =DEGREES(ATAN((ABS(C21))/(ABS(B21)))) -> 64.726671 | T21: =S21 -> 64.726671 | U21: =90-DEGREES(ACOS(ABS(D21/E21))) -> 15.682561 | V21: =-U21 -> -15.682561 | X21: =SQRT(SUMSQ(B21,C21)) -> 250.91526 | Y21: =(ATAN2(B21,C21)) -> -2.0118991 | Z21: =(ATAN2(X21,D21)) -> -0.27371232 | AA21: =-Main!D21/2*SIN(ABS(Z21))+X21 -> 250.60441 | AB21: =Main!D21/2*COS(ABS(Z21))*SIGN(Z21)+D21 -> -71.55389 | AC21: =ATAN2(AA21,AB21) -> -0.2781249 | AD21: =SQRT(SUMSQ(AA21,AB21)) -> 260.61951 | AE21: =AE20 -> 75 | AF21: =(ASIN(AE21/AD21)) -> 0.29190363 | AG21: =DEGREES(AF21+ABS(AC21-Z21)) -> 16.977668 | AH21: =DEGREES(ATAN((Main!S21/2+Main!D21/2)/Main!C21)) -> 18.50781 | AI21: =A21 -> 19 | AJ21: =Main!S21*(G21-Main!T21)/G21/25 -> 1.7439794
A22: 20 | B22: ='MDSL cloud import'!C22 -> -63.1068 | C22: ='MDSL cloud import'!D22 -> -245.785 | D22: ='MDSL cloud import'!E22 -> -70.4085 | E22: =SQRT((B22^2)+(C22^2)+(D22^2)) -> 263.34405 | F22: =SQRT((1)+((C22/B22)^2)+(D22/B22)^2) -> 4.1729902 | G22: =Main!C22 -> 79.010721 | H22: =E22+G22+Main!T22 -> 352.35478 | I22: =H22/F22*SIGN(B22) -> -84.437001 | J22: =I22*C22/B22 -> -328.86073 | K22: =I22*D22/B22 -> -94.206688 | L22: =(H22-Main!T22)/F22*SIGN(B22) -> -82.040638 | M22: =L22*C22/B22 -> -319.5275 | N22: =L22*D22/B22 -> -91.533056 | O22: =(H22)/2 -> 176.17739 | P22: =O22/F22*SIGN(B22) -> -42.218501 | Q22: =P22*C22/B22 -> -164.43037 | R22: =P22*D22/B22 -> -47.103344 | S22: =DEGREES(ATAN((ABS(C22))/(ABS(B22)))) -> 75.600014 | T22: =S22 -> 75.600014 | U22: =90-DEGREES(ACOS(ABS(D22/E22))) -> 15.50742 | V22: =-U22 -> -15.50742 | X22: =SQRT(SUMSQ(B22,C22)) -> 253.75724 | Y22: =(ATAN2(B22,C22)) -> -1.8221235 | Z22: =(ATAN2(X22,D22)) -> -0.27065554 | AA22: =-Main!D22/2*SIN(ABS(Z22))+X22 -> 253.44977 | AB22: =Main!D22/2*COS(ABS(Z22))*SIGN(Z22)+D22 -> -71.516635 | AC22: =ATAN2(AA22,AB22) -> -0.27502242 | AD22: =SQRT(SUMSQ(AA22,AB22)) -> 263.34657 | AE22: =AE21 -> 75 | AF22: =(ASIN(AE22/AD22)) -> 0.28879342 | AG22: =DEGREES(AF22+ABS(AC22-Z22)) -> 16.796848 | AH22: =DEGREES(ATAN((Main!S22/2+Main!D22/2)/Main!C22)) -> 18.312878 | AI22: =A22 -> 20 | AJ22: =Main!S22*(G22-Main!T22)/G22/25 -> 1.7468698
A23: 21 | B23: ='MDSL cloud import'!C23 -> 277.002 | C23: ='MDSL cloud import'!D23 -> 70.37124 | D23: ='MDSL cloud import'!E23 -> -23.4255 | E23: =SQRT((B23^2)+(C23^2)+(D23^2)) -> 286.75943 | F23: =SQRT((1)+((C23/B23)^2)+(D23/B23)^2) -> 1.0352251 | G23: =Main!C23 -> 86.638244 | H23: =E23+G23+Main!T23 -> 383.39768 | I23: =H23/F23*SIGN(B23) -> 370.35198 | J23: =I23*C23/B23 -> 94.086425 | K23: =I23*D23/B23 -> -31.319919 | L23: =(H23-Main!T23)/F23*SIGN(B23) -> 360.69224 | M23: =L23*C23/B23 -> 91.632408 | N23: =L23*D23/B23 -> -30.503015 | O23: =(H23)/2 -> 191.69884 | P23: =O23/F23*SIGN(B23) -> 185.17599 | Q23: =P23*C23/B23 -> 47.043213 | R23: =P23*D23/B23 -> -15.65996 | S23: =DEGREES(ATAN((ABS(C23))/(ABS(B23)))) -> 14.254215 | T23: =S23+180 -> 194.25422 | U23: =90-DEGREES(ACOS(ABS(D23/E23))) -> 4.685738 | V23: =-U23 -> -4.685738 | X23: =SQRT(SUMSQ(B23,C23)) -> 285.80101 | Y23: =(ATAN2(B23,C23)) -> 0.24878299 | Z23: =(ATAN2(X23,D23)) -> -0.081781556 | AA23: =-Main!D23/2*SIN(ABS(Z23))+X23 -> 285.70707 | AB23: =Main!D23/2*COS(ABS(Z23))*SIGN(Z23)+D23 -> -24.571656 | AC23: =ATAN2(AA23,AB23) -> -0.085791865 | AD23: =SQRT(SUMSQ(AA23,AB23)) -> 286.76174 | AE23: =AE22 -> 75 | AF23: =(ASIN(AE23/AD23)) -> 0.2646186 | AG23: =DEGREES(AF23+ABS(AC23-Z23)) -> 15.391303 | AH23: =DEGREES(ATAN((Main!S23/2+Main!D23/2)/Main!C23)) -> 16.795377 | AI23: =A23 -> 21 | AJ23: =Main!S23*(G23-Main!T23)/G23/25 -> 1.7691551
A24: 22 | B24: ='MDSL cloud import'!C24 -> 242.8831 | C24: ='MDSL cloud import'!D24 -> 107.2608 | D24: ='MDSL cloud import'!E24 -> -23.5096 | E24: =SQRT((B24^2)+(C24^2)+(D24^2)) -> 266.55165 | F24: =SQRT((1)+((C24/B24)^2)+(D24/B24)^2) -> 1.0974483 | G24: =Main!C24 -> 80.058832 | H24: =E24+G24+Main!T24 -> 356.61048 | I24: =H24/F24*SIGN(B24) -> 324.94513 | J24: =I24*C24/B24 -> 143.50061 | K24: =I24*D24/B24 -> -31.452703 | L24: =(H24-Main!T24)/F24*SIGN(B24) -> 315.83308 | M24: =L24*C24/B24 -> 139.4766 | N24: =L24*D24/B24 -> -30.570712 | O24: =(H24)/2 -> 178.30524 | P24: =O24/F24*SIGN(B24) -> 162.47256 | Q24: =P24*C24/B24 -> 71.750307 | R24: =P24*D24/B24 -> -15.726351 | S24: =DEGREES(ATAN((ABS(C24))/(ABS(B24)))) -> 23.826968 | T24: =S24+180 -> 203.82697 | U24: =90-DEGREES(ACOS(ABS(D24/E24))) -> 5.0600078 | V24: =-U24 -> -5.0600078 | X24: =SQRT(SUMSQ(B24,C24)) -> 265.51286 | Y24: =(ATAN2(B24,C24)) -> 0.41585905 | Z24: =(ATAN2(X24,D24)) -> -0.088313795 | AA24: =-Main!D24/2*SIN(ABS(Z24))+X24 -> 265.41143 | AB24: =Main!D24/2*COS(ABS(Z24))*SIGN(Z24)+D24 -> -24.655118 | AC24: =ATAN2(AA24,AB24) -> -0.09262813 | AD24: =SQRT(SUMSQ(AA24,AB24)) -> 266.55413 | AE24: =AE23 -> 75 | AF24: =(ASIN(AE24/AD24)) -> 0.28522018 | AG24: =DEGREES(AF24+ABS(AC24-Z24)) -> 16.589106 | AH24: =DEGREES(ATAN((Main!S24/2+Main!D24/2)/Main!C24)) -> 18.088839 | AI24: =A24 -> 22 | AJ24: =Main!S24*(G24-Main!T24)/G24/25 -> 1.7501837
A25: 23 | B25: ='MDSL cloud import'!C25 -> 201.3326 | C25: ='MDSL cloud import'!D25 -> 136.87 | D25: ='MDSL cloud import'!E25 -> -23.62 | E25: =SQRT((B25^2)+(C25^2)+(D25^2)) -> 244.59378 | F25: =SQRT((1)+((C25/B25)^2)+(D25/B25)^2) -> 1.2148742 | G25: =Main!C25 -> 72.859398 | H25: =E25+G25+Main!T25 -> 327.45318 | I25: =H25/F25*SIGN(B25) -> 269.5367 | J25: =I25*C25/B25 -> 183.23653 | K25: =I25*D25/B25 -> -31.621589 | L25: =(H25-Main!T25)/F25*SIGN(B25) -> 261.30539 | M25: =L25*C25/B25 -> 177.64073 | N25: =L25*D25/B25 -> -30.655907 | O25: =(H25)/2 -> 163.72659 | P25: =O25/F25*SIGN(B25) -> 134.76835 | Q25: =P25*C25/B25 -> 91.618267 | R25: =P25*D25/B25 -> -15.810795 | S25: =DEGREES(ATAN((ABS(C25))/(ABS(B25)))) -> 34.208663 | T25: =S25+180 -> 214.20866 | U25: =90-DEGREES(ACOS(ABS(D25/E25))) -> 5.5415906 | V25: =-U25 -> -5.5415906 | X25: =SQRT(SUMSQ(B25,C25)) -> 243.45064 | Y25: =(ATAN2(B25,C25)) -> 0.59705381 | Z25: =(ATAN2(X25,D25)) -> -0.096719001 | AA25: =-Main!D25/2*SIN(ABS(Z25))+X25 -> 243.33958 | AB25: =Main!D25/2*COS(ABS(Z25))*SIGN(Z25)+D25 -> -24.764625 | AC25: =ATAN2(AA25,AB25) -> -0.10142064 | AD25: =SQRT(SUMSQ(AA25,AB25)) -> 244.59648 | AE25: =AE24 -> 75 | AF25: =(ASIN(AE25/AD25)) -> 0.31164779 | AG25: =DEGREES(AF25+ABS(AC25-Z25)) -> 18.125487 | AH25: =DEGREES(ATAN((Main!S25/2+Main!D25/2)/Main!C25)) -> 19.743593 | AI25: =A25 -> 23 | AJ25: =Main!S25*(G25-Main!T25)/G25/25 -> 1.7254987
A26: 24 | B26: ='MDSL cloud import'!C26 -> 155.0181 | C26: ='MDSL cloud import'!D26 -> 158.4473 | D26: ='MDSL cloud import'!E26 -> -23.7553 | E26: =SQRT((B26^2)+(C26^2)+(D26^2)) -> 222.93603 | F26: =SQRT((1)+((C26/B26)^2)+(D26/B26)^2) -> 1.438129 | G26: =Main!C26 -> 65.690837 | H26: =E26+G26+Main!T26 -> 298.62686 | I26: =H26/F26*SIGN(B26) -> 207.64956 | J26: =I26*C26/B26 -> 212.24304 | K26: =I26*D26/B26 -> -31.820656 | L26: =(H26-Main!T26)/F26*SIGN(B26) -> 200.69609 | M26: =L26*C26/B26 -> 205.13574 | N26: =L26*D26/B26 -> -30.755091 | O26: =(H26)/2 -> 149.31343 | P26: =O26/F26*SIGN(B26) -> 103.82478 | Q26: =P26*C26/B26 -> 106.12152 | R26: =P26*D26/B26 -> -15.910328 | S26: =DEGREES(ATAN((ABS(C26))/(ABS(B26)))) -> 45.62677 | T26: =S26+180 -> 225.62677 | U26: =90-DEGREES(ACOS(ABS(D26/E26))) -> 6.116855 | V26: =-U26 -> -6.116855 | X26: =SQRT(SUMSQ(B26,C26)) -> 221.66677 | Y26: =(ATAN2(B26,C26)) -> 0.79633737 | Z26: =(ATAN2(X26,D26)) -> -0.10675926 | AA26: =-Main!D26/2*SIN(ABS(Z26))+X26 -> 221.54423 | AB26: =Main!D26/2*COS(ABS(Z26))*SIGN(Z26)+D26 -> -24.898753 | AC26: =ATAN2(AA26,AB26) -> -0.11191764 | AD26: =SQRT(SUMSQ(AA26,AB26)) -> 222.93899 | AE26: =AE25 -> 75 | AF26: =(ASIN(AE26/AD26)) -> 0.3431073 | AG26: =DEGREES(AF26+ABS(AC26-Z26)) -> 19.954154 | AH26: =DEGREES(ATAN((Main!S26/2+Main!D26/2)/Main!C26)) -> 21.706356 | AI26: =A26 -> 24 | AJ26: =Main!S26*(G26-Main!T26)/G26/25 -> 1.6955435
A27: 25 | B27: ='MDSL cloud import'!C27 -> 106.2709 | C27: ='MDSL cloud import'!D27 -> 171.9591 | D27: ='MDSL cloud import'!E27 -> -23.9071 | E27: =SQRT((B27^2)+(C27^2)+(D27^2)) -> 203.55585 | F27: =SQRT((1)+((C27/B27)^2)+(D27/B27)^2) -> 1.915443 | G27: =Main!C27 -> 59.199306 | H27: =E27+G27+Main!T27 -> 272.75516 | I27: =H27/F27*SIGN(B27) -> 142.39795 | J27: =I27*C27/B27 -> 230.41701 | K27: =I27*D27/B27 -> -32.034377 | L27: =(H27-Main!T27)/F27*SIGN(B27) -> 137.17723 | M27: =L27*C27/B27 -> 221.96925 | N27: =L27*D27/B27 -> -30.859903 | O27: =(H27)/2 -> 136.37758 | P27: =O27/F27*SIGN(B27) -> 71.198975 | Q27: =P27*C27/B27 -> 115.20851 | R27: =P27*D27/B27 -> -16.017188 | S27: =DEGREES(ATAN((ABS(C27))/(ABS(B27)))) -> 58.283892 | T27: =S27+180 -> 238.28389 | U27: =90-DEGREES(ACOS(ABS(D27/E27))) -> 6.7448059 | V27: =-U27 -> -6.7448059 | X27: =SQRT(SUMSQ(B27,C27)) -> 202.14707 | Y27: =(ATAN2(B27,C27)) -> 1.0172458 | Z27: =(ATAN2(X27,D27)) -> -0.11771907 | AA27: =-Main!D27/2*SIN(ABS(Z27))+X27 -> 202.012 | AB27: =Main!D27/2*COS(ABS(Z27))*SIGN(Z27)+D27 -> -25.049141 | AC27: =ATAN2(AA27,AB27) -> -0.12336857 | AD27: =SQRT(SUMSQ(AA27,AB27)) -> 203.5591 | AE27: =AE26 -> 75 | AF27: =(ASIN(AE27/AD27)) -> 0.37733403 | AG27: =DEGREES(AF27+ABS(AC27-Z27)) -> 21.94334 | AH27: =DEGREES(ATAN((Main!S27/2+Main!D27/2)/Main!C27)) -> 23.832397 | AI27: =A27 -> 25 | AJ27: =Main!S27*(G27-Main!T27)/G27/25 -> 1.6621582
A28: 26 | B28: ='MDSL cloud import'!C28 -> 56.74056 | C28: ='MDSL cloud import'!D28 -> 177.7703 | D28: ='MDSL cloud import'!E28 -> -24.0565 | E28: =SQRT((B28^2)+(C28^2)+(D28^2)) -> 188.15017 | F28: =SQRT((1)+((C28/B28)^2)+(D28/B28)^2) -> 3.3159731 | G28: =Main!C28 -> 53.969215 | H28: =E28+G28+Main!T28 -> 252.11938 | I28: =H28/F28*SIGN(B28) -> 76.031795 | J28: =I28*C28/B28 -> 238.21046 | K28: =I28*D28/B28 -> -32.235474 | L28: =(H28-Main!T28)/F28*SIGN(B28) -> 73.016089 | M28: =L28*C28/B28 -> 228.76214 | N28: =L28*D28/B28 -> -30.956895 | O28: =(H28)/2 -> 126.05969 | P28: =O28/F28*SIGN(B28) -> 38.015897 | Q28: =P28*C28/B28 -> 119.10523 | R28: =P28*D28/B28 -> -16.117737 | S28: =DEGREES(ATAN((ABS(C28))/(ABS(B28)))) -> 72.298005 | T28: =S28+180 -> 252.29801 | U28: =90-DEGREES(ACOS(ABS(D28/E28))) -> 7.3458305 | V28: =-U28 -> -7.3458305 | X28: =SQRT(SUMSQ(B28,C28)) -> 186.60592 | Y28: =(ATAN2(B28,C28)) -> 1.2618382 | Z28: =(ATAN2(X28,D28)) -> -0.12820893 | AA28: =-Main!D28/2*SIN(ABS(Z28))+X28 -> 186.45889 | AB28: =Main!D28/2*COS(ABS(Z28))*SIGN(Z28)+D28 -> -25.197061 | AC28: =ATAN2(AA28,AB28) -> -0.13432099 | AD28: =SQRT(SUMSQ(AA28,AB28)) -> 188.15368 | AE28: =AE27 -> 75 | AF28: =(ASIN(AE28/AD28)) -> 0.41000108 | AG28: =DEGREES(AF28+ABS(AC28-Z28)) -> 23.841527 | AH28: =DEGREES(ATAN((Main!S28/2+Main!D28/2)/Main!C28)) -> 25.851835 | AI28: =A28 -> 26 | AJ28: =Main!S28*(G28-Main!T28)/G28/25 -> 1.6294184
A29: 27 | B29: ='MDSL cloud import'!C29 -> 7.351419 | C29: ='MDSL cloud import'!D29 -> 176.2461 | D29: ='MDSL cloud import'!E29 -> -24.1728 | E29: =SQRT((B29^2)+(C29^2)+(D29^2)) -> 178.0479 | F29: =SQRT((1)+((C29/B29)^2)+(D29/B29)^2) -> 24.219528 | G29: =Main!C29 -> 50.495914 | H29: =E29+G29+Main!T29 -> 238.54382 | I29: =H29/F29*SIGN(B29) -> 9.8492345 | J29: =I29*C29/B29 -> 236.12981 | K29: =I29*D29/B29 -> -32.386071 | L29: =(H29-Main!T29)/F29*SIGN(B29) -> 9.4363445 | M29: =L29*C29/B29 -> 226.23101 | N29: =L29*D29/B29 -> -31.028414 | O29: =(H29)/2 -> 119.27191 | P29: =O29/F29*SIGN(B29) -> 4.9246172 | Q29: =P29*C29/B29 -> 118.0649 | R29: =P29*D29/B29 -> -16.193035 | S29: =DEGREES(ATAN((ABS(C29))/(ABS(B29)))) -> 87.611514 | T29: =S29+180 -> 267.61151 | U29: =90-DEGREES(ACOS(ABS(D29/E29))) -> 7.8028996 | V29: =-U29 -> -7.8028996 | X29: =SQRT(SUMSQ(B29,C29)) -> 176.39935 | Y29: =(ATAN2(B29,C29)) -> 1.5291094 | Z29: =(ATAN2(X29,D29)) -> -0.13618629 | AA29: =-Main!D29/2*SIN(ABS(Z29))+X29 -> 176.24322 | AB29: =Main!D29/2*COS(ABS(Z29))*SIGN(Z29)+D29 -> -25.312152 | AC29: =ATAN2(AA29,AB29) -> -0.14264513 | AD29: =SQRT(SUMSQ(AA29,AB29)) -> 178.05162 | AE29: =AE28 -> 75 | AF29: =(ASIN(AE29/AD29)) -> 0.43479686 | AG29: =DEGREES(AF29+ABS(AC29-Z29)) -> 25.28209 | AH29: =DEGREES(ATAN((Main!S29/2+Main!D29/2)/Main!C29)) -> 27.377998 | AI29: =A29 -> 27 | AJ29: =Main!S29*(G29-Main!T29)/G29/25 -> 1.6039283
A30: 28 | B30: ='MDSL cloud import'!C30 -> -41.7583 | C30: ='MDSL cloud import'!D30 -> 167.3279 | D30: ='MDSL cloud import'!E30 -> -24.2224 | E30: =SQRT((B30^2)+(C30^2)+(D30^2)) -> 174.15254 | F30: =SQRT((1)+((C30/B30)^2)+(D30/B30)^2) -> 4.1704892 | G30: =Main!C30 -> 49.145502 | H30: =E30+G30+Main!T30 -> 233.29804 | I30: =H30/F30*SIGN(B30) -> -55.94021 | J30: =I30*C30/B30 -> 224.15563 | K30: =I30*D30/B30 -> -32.448786 | L30: =(H30-Main!T30)/F30*SIGN(B30) -> -53.54241 | M30: =L30*C30/B30 -> 214.5475 | N30: =L30*D30/B30 -> -31.057913 | O30: =(H30)/2 -> 116.64902 | P30: =O30/F30*SIGN(B30) -> -27.970105 | Q30: =P30*C30/B30 -> 112.07781 | R30: =P30*D30/B30 -> -16.224393 | S30: =DEGREES(ATAN((ABS(C30))/(ABS(B30)))) -> 75.987503 | T30: =-S30 -> -75.987503 | U30: =90-DEGREES(ACOS(ABS(D30/E30))) -> 7.9950336 | V30: =-U30 -> -7.9950336 | X30: =SQRT(SUMSQ(B30,C30)) -> 172.4598 | Y30: =(ATAN2(B30,C30)) -> 1.8153605 | Z30: =(ATAN2(X30,D30)) -> -0.13953966 | AA30: =-Main!D30/2*SIN(ABS(Z30))+X30 -> 172.29985 | AB30: =Main!D30/2*COS(ABS(Z30))*SIGN(Z30)+D30 -> -25.361222 | AC30: =ATAN2(AA30,AB30) -> -0.14614297 | AD30: =SQRT(SUMSQ(AA30,AB30)) -> 174.15633 | AE30: =AE29 -> 75 | AF30: =(ASIN(AE30/AD30)) -> 0.44521015 | AG30: =DEGREES(AF30+ABS(AC30-Z30)) -> 25.887005 | AH30: =DEGREES(ATAN((Main!S30/2+Main!D30/2)/Main!C30)) -> 28.017151 | AI30: =A30 -> 28 | AJ30: =Main!S30*(G30-Main!T30)/G30/25 -> 1.5930452
A31: 29 | B31: ='MDSL cloud import'!C31 -> -89.0623 | C31: ='MDSL cloud import'!D31 -> 150.8126 | D31: ='MDSL cloud import'!E31 -> -24.1883 | E31: =SQRT((B31^2)+(C31^2)+(D31^2)) -> 176.80952 | F31: =SQRT((1)+((C31/B31)^2)+(D31/B31)^2) -> 1.9852342 | G31: =Main!C31 -> 50.067327 | H31: =E31+G31+Main!T31 -> 236.87685 | I31: =H31/F31*SIGN(B31) -> -119.31935 | J31: =I31*C31/B31 -> 202.04802 | K31: =I31*D31/B31 -> -32.405768 | L31: =(H31-Main!T31)/F31*SIGN(B31) -> -114.28216 | M31: =L31*C31/B31 -> 193.51835 | N31: =L31*D31/B31 -> -31.037725 | O31: =(H31)/2 -> 118.43843 | P31: =O31/F31*SIGN(B31) -> -59.659674 | Q31: =P31*C31/B31 -> 101.02401 | R31: =P31*D31/B31 -> -16.202884 | S31: =DEGREES(ATAN((ABS(C31))/(ABS(B31)))) -> 59.436048 | T31: =-S31 -> -59.436048 | U31: =90-DEGREES(ACOS(ABS(D31/E31))) -> 7.8629658 | V31: =-U31 -> -7.8629658 | X31: =SQRT(SUMSQ(B31,C31)) -> 175.14718 | Y31: =(ATAN2(B31,C31)) -> 2.1042379 | Z31: =(ATAN2(X31,D31)) -> -0.13723464 | AA31: =-Main!D31/2*SIN(ABS(Z31))+X31 -> 174.98985 | AB31: =Main!D31/2*COS(ABS(Z31))*SIGN(Z31)+D31 -> -25.327488 | AC31: =ATAN2(AA31,AB31) -> -0.14373872 | AD31: =SQRT(SUMSQ(AA31,AB31)) -> 176.81326 | AE31: =AE30 -> 75 | AF31: =(ASIN(AE31/AD31)) -> 0.43805214 | AG31: =DEGREES(AF31+ABS(AC31-Z31)) -> 25.471195 | AH31: =DEGREES(ATAN((Main!S31/2+Main!D31/2)/Main!C31)) -> 27.577917 | AI31: =A31 -> 29 | AJ31: =Main!S31*(G31-Main!T31)/G31/25 -> 1.6005379
A32: 30 | B32: ='MDSL cloud import'!C32 -> -132.361 | C32: ='MDSL cloud import'!D32 -> 126.955 | D32: ='MDSL cloud import'!E32 -> -24.0912 | E32: =SQRT((B32^2)+(C32^2)+(D32^2)) -> 184.97944 | F32: =SQRT((1)+((C32/B32)^2)+(D32/B32)^2) -> 1.3975373 | G32: =Main!C32 -> 52.883244 | H32: =E32+G32+Main!T32 -> 247.86268 | I32: =H32/F32*SIGN(B32) -> -177.35675 | J32: =I32*C32/B32 -> 170.113 | K32: =I32*D32/B32 -> -32.280936 | L32: =(H32-Main!T32)/F32*SIGN(B32) -> -170.20131 | M32: =L32*C32/B32 -> 163.2498 | N32: =L32*D32/B32 -> -30.978564 | O32: =(H32)/2 -> 123.93134 | P32: =O32/F32*SIGN(B32) -> -88.678376 | Q32: =P32*C32/B32 -> 85.056499 | R32: =P32*D32/B32 -> -16.140468 | S32: =DEGREES(ATAN((ABS(C32))/(ABS(B32)))) -> 43.805719 | T32: =-S32 -> -43.805719 | U32: =90-DEGREES(ACOS(ABS(D32/E32))) -> 7.4832982 | V32: =-U32 -> -7.4832982 | X32: =SQRT(SUMSQ(B32,C32)) -> 183.40394 | Y32: =(ATAN2(B32,C32)) -> 2.3770386 | Z32: =(ATAN2(X32,D32)) -> -0.13060819 | AA32: =-Main!D32/2*SIN(ABS(Z32))+X32 -> 183.25417 | AB32: =Main!D32/2*COS(ABS(Z32))*SIGN(Z32)+D32 -> -25.231405 | AC32: =ATAN2(AA32,AB32) -> -0.13682502 | AD32: =SQRT(SUMSQ(AA32,AB32)) -> 184.98301 | AE32: =AE31 -> 75 | AF32: =(ASIN(AE32/AD32)) -> 0.417463 | AG32: =DEGREES(AF32+ABS(AC32-Z32)) -> 24.275066 | AH32: =DEGREES(ATAN((Main!S32/2+Main!D32/2)/Main!C32)) -> 26.31173 | AI32: =A32 -> 30 | AJ32: =Main!S32*(G32-Main!T32)/G32/25 -> 1.6218084
A33: 31 | B33: ='MDSL cloud import'!C33 -> -170.499 | C33: ='MDSL cloud import'!D33 -> 95.57272 | D33: ='MDSL cloud import'!E33 -> -23.9678 | E33: =SQRT((B33^2)+(C33^2)+(D33^2)) -> 196.9226 | F33: =SQRT((1)+((C33/B33)^2)+(D33/B33)^2) -> 1.154978 | G33: =Main!C33 -> 56.956126 | H33: =E33+G33+Main!T33 -> 263.87872 | I33: =H33/F33*SIGN(B33) -> -228.47077 | J33: =I33*C33/B33 -> 128.06863 | K33: =I33*D33/B33 -> -32.117149 | L33: =(H33-Main!T33)/F33*SIGN(B33) -> -219.8126 | M33: =L33*C33/B33 -> 123.21532 | N33: =L33*D33/B33 -> -30.900031 | O33: =(H33)/2 -> 131.93936 | P33: =O33/F33*SIGN(B33) -> -114.23539 | Q33: =P33*C33/B33 -> 64.034315 | R33: =P33*D33/B33 -> -16.058575 | S33: =DEGREES(ATAN((ABS(C33))/(ABS(B33)))) -> 29.272684 | T33: =-S33 -> -29.272684 | U33: =90-DEGREES(ACOS(ABS(D33/E33))) -> 6.9909046 | V33: =-U33 -> -6.9909046 | X33: =SQRT(SUMSQ(B33,C33)) -> 195.45857 | Y33: =(ATAN2(B33,C33)) -> 2.6306879 | Z33: =(ATAN2(X33,D33)) -> -0.1220143 | AA33: =-Main!D33/2*SIN(ABS(Z33))+X33 -> 195.3186 | AB33: =Main!D33/2*COS(ABS(Z33))*SIGN(Z33)+D33 -> -25.10925 | AC33: =ATAN2(AA33,AB33) -> -0.1278541 | AD33: =SQRT(SUMSQ(AA33,AB33)) -> 196.92595 | AE33: =AE32 -> 75 | AF33: =(ASIN(AE33/AD33)) -> 0.39071952 | AG33: =DEGREES(AF33+ABS(AC33-Z33)) -> 22.721175 | AH33: =DEGREES(ATAN((Main!S33/2+Main!D33/2)/Main!C33)) -> 24.661054 | AI33: =A33 -> 31 | AJ33: =Main!S33*(G33-Main!T33)/G33/25 -> 1.6488525
A34: 32 | B34: ='MDSL cloud import'!C34 -> -201.258 | C34: ='MDSL cloud import'!D34 -> 56.97774 | D34: ='MDSL cloud import'!E34 -> -23.8485 | E34: =SQRT((B34^2)+(C34^2)+(D34^2)) -> 210.52315 | F34: =SQRT((1)+((C34/B34)^2)+(D34/B34)^2) -> 1.0460362 | G34: =Main!C34 -> 61.542947 | H34: =E34+G34+Main!T34 -> 282.0661 | I34: =H34/F34*SIGN(B34) -> -269.65233 | J34: =I34*C34/B34 -> 76.340719 | K34: =I34*D34/B34 -> -31.953034 | L34: =(H34-Main!T34)/F34*SIGN(B34) -> -260.09243 | M34: =L34*C34/B34 -> 73.634236 | N34: =L34*D34/B34 -> -30.820213 | O34: =(H34)/2 -> 141.03305 | P34: =O34/F34*SIGN(B34) -> -134.82617 | Q34: =P34*C34/B34 -> 38.17036 | R34: =P34*D34/B34 -> -15.976517 | S34: =DEGREES(ATAN((ABS(C34))/(ABS(B34)))) -> 15.807239 | T34: =-S34 -> -15.807239 | U34: =90-DEGREES(ACOS(ABS(D34/E34))) -> 6.5045479 | V34: =-U34 -> -6.5045479 | X34: =SQRT(SUMSQ(B34,C34)) -> 209.16798 | Y34: =(ATAN2(B34,C34)) -> 2.8657043 | Z34: =(ATAN2(X34,D34)) -> -0.11352578 | AA34: =-Main!D34/2*SIN(ABS(Z34))+X34 -> 209.03771 | AB34: =Main!D34/2*COS(ABS(Z34))*SIGN(Z34)+D34 -> -24.991097 | AC34: =ATAN2(AA34,AB34) -> -0.1189883 | AD34: =SQRT(SUMSQ(AA34,AB34)) -> 210.52629 | AE34: =AE33 -> 75 | AF34: =(ASIN(AE34/AD34)) -> 0.36425154 | AG34: =DEGREES(AF34+ABS(AC34-Z34)) -> 21.183056 | AH34: =DEGREES(ATAN((Main!S34/2+Main!D34/2)/Main!C34)) -> 23.020956 | AI34: =A34 -> 32 | AJ34: =Main!S34*(G34-Main!T34)/G34/25 -> 1.6750237
A35: 33 | B35: ='MDSL cloud import'!C35 -> -221.948 | C35: ='MDSL cloud import'!D35 -> 12.56229 | D35: ='MDSL cloud import'!E35 -> -23.7509 | E35: =SQRT((B35^2)+(C35^2)+(D35^2)) -> 223.5684 | F35: =SQRT((1)+((C35/B35)^2)+(D35/B35)^2) -> 1.0073008 | G35: =Main!C35 -> 65.901303 | H35: =E35+G35+Main!T35 -> 299.46971 | I35: =H35/F35*SIGN(B35) -> -297.29918 | J35: =I35*C35/B35 -> 16.827178 | K35: =I35*D35/B35 -> -31.814313 | L35: =(H35-Main!T35)/F35*SIGN(B35) -> -287.37166 | M35: =L35*C35/B35 -> 16.265279 | N35: =L35*D35/B35 -> -30.751958 | O35: =(H35)/2 -> 149.73485 | P35: =O35/F35*SIGN(B35) -> -148.64959 | Q35: =P35*C35/B35 -> 8.413589 | R35: =P35*D35/B35 -> -15.907156 | S35: =DEGREES(ATAN((ABS(C35))/(ABS(B35)))) -> 3.2394933 | T35: =-S35 -> -3.2394933 | U35: =90-DEGREES(ACOS(ABS(D35/E35))) -> 6.0983534 | V35: =-U35 -> -6.0983534 | X35: =SQRT(SUMSQ(B35,C35)) -> 222.30323 | Y35: =(ATAN2(B35,C35)) -> 3.0850528 | Z35: =(ATAN2(X35,D35)) -> -0.10643635 | AA35: =-Main!D35/2*SIN(ABS(Z35))+X35 -> 222.18106 | AB35: =Main!D35/2*COS(ABS(Z35))*SIGN(Z35)+D35 -> -24.894392 | AC35: =ATAN2(AA35,AB35) -> -0.11158014 | AD35: =SQRT(SUMSQ(AA35,AB35)) -> 223.57136 | AE35: =AE34 -> 75 | AF35: =(ASIN(AE35/AD35)) -> 0.34209705 | AG35: =DEGREES(AF35+ABS(AC35-Z35)) -> 19.895435 | AH35: =DEGREES(ATAN((Main!S35/2+Main!D35/2)/Main!C35)) -> 21.64345 | AI35: =A35 -> 33 | AJ35: =Main!S35*(G35-Main!T35)/G35/25 -> 1.6965159
A36: 34 | B36: ='MDSL cloud import'!C36 -> -230.423 | C36: ='MDSL cloud import'!D36 -> -35.1111 | D36: ='MDSL cloud import'!E36 -> -23.6806 | E36: =SQRT((B36^2)+(C36^2)+(D36^2)) -> 234.28256 | F36: =SQRT((1)+((C36/B36)^2)+(D36/B36)^2) -> 1.0167499 | G36: =Main!C36 -> 69.456102 | H36: =E36+G36+Main!T36 -> 313.73866 | I36: =H36/F36*SIGN(B36) -> -308.57014 | J36: =I36*C36/B36 -> -47.018905 | K36: =I36*D36/B36 -> -31.711792 | L36: =(H36-Main!T36)/F36*SIGN(B36) -> -298.73488 | M36: =L36*C36/B36 -> -45.520241 | N36: =L36*D36/B36 -> -30.701021 | O36: =(H36)/2 -> 156.86933 | P36: =O36/F36*SIGN(B36) -> -154.28507 | Q36: =P36*C36/B36 -> -23.509453 | R36: =P36*D36/B36 -> -15.855896 | S36: =DEGREES(ATAN((ABS(C36))/(ABS(B36)))) -> 8.6638982 | T36: =S36 -> 8.6638982 | U36: =90-DEGREES(ACOS(ABS(D36/E36))) -> 5.8011976 | V36: =-U36 -> -5.8011976 | X36: =SQRT(SUMSQ(B36,C36)) -> 233.08271 | Y36: =(ATAN2(B36,C36)) -> -2.9903791 | Z36: =(ATAN2(X36,D36)) -> -0.10125 | AA36: =-Main!D36/2*SIN(ABS(Z36))+X36 -> 232.96647 | AB36: =Main!D36/2*COS(ABS(Z36))*SIGN(Z36)+D36 -> -24.82471 | AC36: =ATAN2(AA36,AB36) -> -0.10615856 | AD36: =SQRT(SUMSQ(AA36,AB36)) -> 234.28538 | AE36: =AE35 -> 75 | AF36: =(ASIN(AE36/AD36)) -> 0.32585868 | AG36: =DEGREES(AF36+ABS(AC36-Z36)) -> 18.951567 | AH36: =DEGREES(ATAN((Main!S36/2+Main!D36/2)/Main!C36)) -> 20.631195 | AI36: =A36 -> 34 | AJ36: =Main!S36*(G36-Main!T36)/G36/25 -> 1.7120483
A37: 35 | B37: ='MDSL cloud import'!C37 -> -225.927 | C37: ='MDSL cloud import'!D37 -> -82.9365 | D37: ='MDSL cloud import'!E37 -> -23.6357 | E37: =SQRT((B37^2)+(C37^2)+(D37^2)) -> 241.82663 | F37: =SQRT((1)+((C37/B37)^2)+(D37/B37)^2) -> 1.0703751 | G37: =Main!C37 -> 71.94765 | H37: =E37+G37+Main!T37 -> 323.77428 | I37: =H37/F37*SIGN(B37) -> -302.48675 | J37: =I37*C37/B37 -> -111.04114 | K37: =I37*D37/B37 -> -31.645116 | L37: =(H37-Main!T37)/F37*SIGN(B37) -> -293.14423 | M37: =L37*C37/B37 -> -107.61156 | N37: =L37*D37/B37 -> -30.667734 | O37: =(H37)/2 -> 161.88714 | P37: =O37/F37*SIGN(B37) -> -151.24338 | Q37: =P37*C37/B37 -> -55.520572 | R37: =P37*D37/B37 -> -15.822558 | S37: =DEGREES(ATAN((ABS(C37))/(ABS(B37)))) -> 20.157895 | T37: =S37 -> 20.157895 | U37: =90-DEGREES(ACOS(ABS(D37/E37))) -> 5.6089409 | V37: =-U37 -> -5.6089409 | X37: =SQRT(SUMSQ(B37,C37)) -> 240.6688 | Y37: =(ATAN2(B37,C37)) -> -2.789771 | Z37: =(ATAN2(X37,D37)) -> -0.097894487 | AA37: =-Main!D37/2*SIN(ABS(Z37))+X37 -> 240.5564 | AB37: =Main!D37/2*COS(ABS(Z37))*SIGN(Z37)+D37 -> -24.780194 | AC37: =ATAN2(AA37,AB37) -> -0.10264992 | AD37: =SQRT(SUMSQ(AA37,AB37)) -> 241.82936 | AE37: =AE36 -> 75 | AF37: =(ASIN(AE37/AD37)) -> 0.31533612 | AG37: =DEGREES(AF37+ABS(AC37-Z37)) -> 18.339895 | AH37: =DEGREES(ATAN((Main!S37/2+Main!D37/2)/Main!C37)) -> 19.974116 | AI37: =A37 -> 35 | AJ37: =Main!S37*(G37-Main!T37)/G37/25 -> 1.7220201
A38: 36 | B38: ='MDSL cloud import'!C38 -> -209.229 | C38: ='MDSL cloud import'!D38 -> -127.899 | D38: ='MDSL cloud import'!E38 -> -23.6103 | E38: =SQRT((B38^2)+(C38^2)+(D38^2)) -> 246.35822 | F38: =SQRT((1)+((C38/B38)^2)+(D38/B38)^2) -> 1.1774574 | G38: =Main!C38 -> 73.440195 | H38: =E38+G38+Main!T38 -> 329.79842 | I38: =H38/F38*SIGN(B38) -> -280.09373 | J38: =I38*C38/B38 -> -171.2177 | K38: =I38*D38/B38 -> -31.606981 | L38: =(H38-Main!T38)/F38*SIGN(B38) -> -271.60085 | M38: =L38*C38/B38 -> -166.02611 | N38: =L38*D38/B38 -> -30.648608 | O38: =(H38)/2 -> 164.89921 | P38: =O38/F38*SIGN(B38) -> -140.04686 | Q38: =P38*C38/B38 -> -85.608849 | R38: =P38*D38/B38 -> -15.80349 | S38: =DEGREES(ATAN((ABS(C38))/(ABS(B38)))) -> 31.436909 | T38: =S38 -> 31.436909 | U38: =90-DEGREES(ACOS(ABS(D38/E38))) -> 5.4995118 | V38: =-U38 -> -5.4995118 | X38: =SQRT(SUMSQ(B38,C38)) -> 245.22424 | Y38: =(ATAN2(B38,C38)) -> -2.5929151 | Z38: =(ATAN2(X38,D38)) -> -0.095984588 | AA38: =-Main!D38/2*SIN(ABS(Z38))+X38 -> 245.11403 | AB38: =Main!D38/2*COS(ABS(Z38))*SIGN(Z38)+D38 -> -24.755007 | AC38: =ATAN2(AA38,AB38) -> -0.10065255 | AD38: =SQRT(SUMSQ(AA38,AB38)) -> 246.36091 | AE38: =AE37 -> 75 | AF38: =(ASIN(AE38/AD38)) -> 0.30934145 | AG38: =DEGREES(AF38+ABS(AC38-Z38)) -> 17.991414 | AH38: =DEGREES(ATAN((Main!S38/2+Main!D38/2)/Main!C38)) -> 19.599393 | AI38: =A38 -> 36 | AJ38: =Main!S38*(G38-Main!T38)/G38/25 -> 1.7276696
A39: 37 | B39: ='MDSL cloud import'!C39 -> -182.273 | C39: ='MDSL cloud import'!D39 -> -167.656 | D39: ='MDSL cloud import'!E39 -> -23.5972 | E39: =SQRT((B39^2)+(C39^2)+(D39^2)) -> 248.77461 | F39: =SQRT((1)+((C39/B39)^2)+(D39/B39)^2) -> 1.3648462 | G39: =Main!C39 -> 74.234894 | H39: =E39+G39+Main!T39 -> 333.00951 | I39: =H39/F39*SIGN(B39) -> -243.9905 | J39: =I39*C39/B39 -> -224.42419 | K39: =I39*D39/B39 -> -31.587194 | L39: =(H39-Main!T39)/F39*SIGN(B39) -> -236.66367 | M39: =L39*C39/B39 -> -217.68492 | N39: =L39*D39/B39 -> -30.638657 | O39: =(H39)/2 -> 166.50475 | P39: =O39/F39*SIGN(B39) -> -121.99525 | Q39: =P39*C39/B39 -> -112.2121 | R39: =P39*D39/B39 -> -15.793597 | S39: =DEGREES(ATAN((ABS(C39))/(ABS(B39)))) -> 42.60807 | T39: =S39 -> 42.60807 | U39: =90-DEGREES(ACOS(ABS(D39/E39))) -> 5.4429011 | V39: =-U39 -> -5.4429011 | X39: =SQRT(SUMSQ(B39,C39)) -> 247.65294 | Y39: =(ATAN2(B39,C39)) -> -2.3979416 | Z39: =(ATAN2(X39,D39)) -> -0.094996545 | AA39: =-Main!D39/2*SIN(ABS(Z39))+X39 -> 247.54386 | AB39: =Main!D39/2*COS(ABS(Z39))*SIGN(Z39)+D39 -> -24.742015 | AC39: =ATAN2(AA39,AB39) -> -0.099619171 | AD39: =SQRT(SUMSQ(AA39,AB39)) -> 248.77727 | AE39: =AE38 -> 75 | AF39: =(ASIN(AE39/AD39)) -> 0.30623871 | AG39: =DEGREES(AF39+ABS(AC39-Z39)) -> 17.811043 | AH39: =DEGREES(ATAN((Main!S39/2+Main!D39/2)/Main!C39)) -> 19.405333 | AI39: =A39 -> 37 | AJ39: =Main!S39*(G39-Main!T39)/G39/25 -> 1.7305849
A40: 38 | B40: ='MDSL cloud import'!C40 -> -147.473 | C40: ='MDSL cloud import'!D40 -> -200.839 | D40: ='MDSL cloud import'!E40 -> -23.5892 | E40: =SQRT((B40^2)+(C40^2)+(D40^2)) -> 250.28192 | F40: =SQRT((1)+((C40/B40)^2)+(D40/B40)^2) -> 1.6971372 | G40: =Main!C40 -> 74.730217 | H40: =E40+G40+Main!T40 -> 335.01214 | I40: =H40/F40*SIGN(B40) -> -197.39838 | J40: =I40*C40/B40 -> -268.83085 | K40: =I40*D40/B40 -> -31.575067 | L40: =(H40-Main!T40)/F40*SIGN(B40) -> -191.5061 | M40: =L40*C40/B40 -> -260.80634 | N40: =L40*D40/B40 -> -30.632561 | O40: =(H40)/2 -> 167.50607 | P40: =O40/F40*SIGN(B40) -> -98.699189 | Q40: =P40*C40/B40 -> -134.41543 | R40: =P40*D40/B40 -> -15.787533 | S40: =DEGREES(ATAN((ABS(C40))/(ABS(B40)))) -> 53.710732 | T40: =S40 -> 53.710732 | U40: =90-DEGREES(ACOS(ABS(D40/E40))) -> 5.4081839 | V40: =-U40 -> -5.4081839 | X40: =SQRT(SUMSQ(B40,C40)) -> 249.16779 | Y40: =(ATAN2(B40,C40)) -> -2.2041635 | Z40: =(ATAN2(X40,D40)) -> -0.094390616 | AA40: =-Main!D40/2*SIN(ABS(Z40))+X40 -> 249.05941 | AB40: =Main!D40/2*COS(ABS(Z40))*SIGN(Z40)+D40 -> -24.734081 | AC40: =ATAN2(AA40,AB40) -> -0.098985403 | AD40: =SQRT(SUMSQ(AA40,AB40)) -> 250.28456 | AE40: =AE39 -> 75 | AF40: =(ASIN(AE40/AD40)) -> 0.30433512 | AG40: =DEGREES(AF40+ABS(AC40-Z40)) -> 17.70038 | AH40: =DEGREES(ATAN((Main!S40/2+Main!D40/2)/Main!C40)) -> 19.286238 | AI40: =A40 -> 38 | AJ40: =Main!S40*(G40-Main!T40)/G40/25 -> 1.7323706
A41: 39 | B41: ='MDSL cloud import'!C41 -> -107.125 | C41: ='MDSL cloud import'!D41 -> -226.898 | D41: ='MDSL cloud import'!E41 -> -23.5801 | E41: =SQRT((B41^2)+(C41^2)+(D41^2)) -> 252.02081 | F41: =SQRT((1)+((C41/B41)^2)+(D41/B41)^2) -> 2.3525863 | G41: =Main!C41 -> 75.301271 | H41: =E41+G41+Main!T41 -> 337.32208 | I41: =H41/F41*SIGN(B41) -> -143.38351 | J41: =I41*C41/B41 -> -303.69597 | K41: =I41*D41/B41 -> -31.561237 | L41: =(H41-Main!T41)/F41*SIGN(B41) -> -139.13287 | M41: =L41*C41/B41 -> -294.69283 | N41: =L41*D41/B41 -> -30.625596 | O41: =(H41)/2 -> 168.66104 | P41: =O41/F41*SIGN(B41) -> -71.691754 | Q41: =P41*C41/B41 -> -151.84799 | R41: =P41*D41/B41 -> -15.780618 | S41: =DEGREES(ATAN((ABS(C41))/(ABS(B41)))) -> 64.726671 | T41: =S41 -> 64.726671 | U41: =90-DEGREES(ACOS(ABS(D41/E41))) -> 5.3686806 | V41: =-U41 -> -5.3686806 | X41: =SQRT(SUMSQ(B41,C41)) -> 250.91526 | Y41: =(ATAN2(B41,C41)) -> -2.0118991 | Z41: =(ATAN2(X41,D41)) -> -0.093701153 | AA41: =-Main!D41/2*SIN(ABS(Z41))+X41 -> 250.80766 | AB41: =Main!D41/2*COS(ABS(Z41))*SIGN(Z41)+D41 -> -24.725055 | AC41: =ATAN2(AA41,AB41) -> -0.098264237 | AD41: =SQRT(SUMSQ(AA41,AB41)) -> 252.02343 | AE41: =AE40 -> 75 | AF41: =(ASIN(AE41/AD41)) -> 0.30216873 | AG41: =DEGREES(AF41+ABS(AC41-Z41)) -> 17.574438 | AH41: =DEGREES(ATAN((Main!S41/2+Main!D41/2)/Main!C41)) -> 19.150667 | AI41: =A41 -> 39 | AJ41: =Main!S41*(G41-Main!T41)/G41/25 -> 1.7344002
A42: 40 | B42: ='MDSL cloud import'!C42 -> -63.1068 | C42: ='MDSL cloud import'!D42 -> -245.785 | D42: ='MDSL cloud import'!E42 -> -23.5656 | E42: =SQRT((B42^2)+(C42^2)+(D42^2)) -> 254.84912 | F42: =SQRT((1)+((C42/B42)^2)+(D42/B42)^2) -> 4.0383781 | G42: =Main!C42 -> 76.229265 | H42: =E42+G42+Main!T42 -> 341.07838 | I42: =H42/F42*SIGN(B42) -> -84.45925 | J42: =I42*C42/B42 -> -328.94738 | K42: =I42*D42/B42 -> -31.539119 | L42: =(H42-Main!T42)/F42*SIGN(B42) -> -81.983008 | M42: =L42*C42/B42 -> -319.30305 | N42: =L42*D42/B42 -> -30.614431 | O42: =(H42)/2 -> 170.53919 | P42: =O42/F42*SIGN(B42) -> -42.229625 | Q42: =P42*C42/B42 -> -164.47369 | R42: =P42*D42/B42 -> -15.76956 | S42: =DEGREES(ATAN((ABS(C42))/(ABS(B42)))) -> 75.600014 | T42: =S42 -> 75.600014 | U42: =90-DEGREES(ACOS(ABS(D42/E42))) -> 5.3056532 | V42: =-U42 -> -5.3056532 | X42: =SQRT(SUMSQ(B42,C42)) -> 253.75724 | Y42: =(ATAN2(B42,C42)) -> -1.8221235 | Z42: =(ATAN2(X42,D42)) -> -0.092601117 | AA42: =-Main!D42/2*SIN(ABS(Z42))+X42 -> 253.6509 | AB42: =Main!D42/2*COS(ABS(Z42))*SIGN(Z42)+D42 -> -24.710673 | AC42: =ATAN2(AA42,AB42) -> -0.09711356 | AD42: =SQRT(SUMSQ(AA42,AB42)) -> 254.85171 | AE42: =AE41 -> 75 | AF42: =(ASIN(AE42/AD42)) -> 0.29871126 | AG42: =DEGREES(AF42+ABS(AC42-Z42)) -> 17.373439 | AH42: =DEGREES(ATAN((Main!S42/2+Main!D42/2)/Main!C42)) -> 18.934229 | AI42: =A42 -> 40 | AJ42: =Main!S42*(G42-Main!T42)/G42/25 -> 1.7376336
A43: 41 | B43: =B23 -> 277.002 | C43: =C23 -> 70.37124 | D43: =-D23 -> 23.4255 | E43: =SQRT((B43^2)+(C43^2)+(D43^2)) -> 286.75943 | F43: =SQRT((1)+((C43/B43)^2)+(D43/B43)^2) -> 1.0352251 | G43: =Main!C43 -> 86.638244 | H43: =E43+G43+Main!T43 -> 383.39768 | I43: =H43/F43*SIGN(B43) -> 370.35198 | J43: =I43*C43/B43 -> 94.086425 | K43: =I43*D43/B43 -> 31.319919 | L43: =(H43-Main!T43)/F43*SIGN(B43) -> 360.69224 | M43: =L43*C43/B43 -> 91.632408 | N43: =L43*D43/B43 -> 30.503015 | O43: =(H43)/2 -> 191.69884 | P43: =O43/F43*SIGN(B43) -> 185.17599 | Q43: =P43*C43/B43 -> 47.043213 | R43: =P43*D43/B43 -> 15.65996 | S43: =DEGREES(ATAN((ABS(C43))/(ABS(B43)))) -> 14.254215 | T43: =S43+180 -> 194.25422 | U43: =90-DEGREES(ACOS(ABS(D43/E43))) -> 4.685738 | V43: =U43 -> 4.685738 | X43: =SQRT(SUMSQ(B43,C43)) -> 285.80101 | Y43: =(ATAN2(B43,C43)) -> 0.24878299 | Z43: =(ATAN2(X43,D43)) -> 0.081781556 | AA43: =-Main!D43/2*SIN(ABS(Z43))+X43 -> 285.70707 | AB43: =Main!D43/2*COS(ABS(Z43))*SIGN(Z43)+D43 -> 24.571656 | AC43: =ATAN2(AA43,AB43) -> 0.085791865 | AD43: =SQRT(SUMSQ(AA43,AB43)) -> 286.76174 | AE43: =AE42 -> 75 | AF43: =(ASIN(AE43/AD43)) -> 0.2646186 | AG43: =DEGREES(AF43+ABS(AC43-Z43)) -> 15.391303 | AH43: =DEGREES(ATAN((Main!S43/2+Main!D43/2)/Main!C43)) -> 16.795377 | AI43: =A43 -> 41 | AJ43: =Main!S43*(G43-Main!T43)/G43/25 -> 1.7691551
A44: 42 | B44: =B24 -> 242.8831 | C44: =C24 -> 107.2608 | D44: =-D24 -> 23.5096 | E44: =SQRT((B44^2)+(C44^2)+(D44^2)) -> 266.55165 | F44: =SQRT((1)+((C44/B44)^2)+(D44/B44)^2) -> 1.0974483 | G44: =Main!C44 -> 80.058832 | H44: =E44+G44+Main!T44 -> 356.61048 | I44: =H44/F44*SIGN(B44) -> 324.94513 | J44: =I44*C44/B44 -> 143.50061 | K44: =I44*D44/B44 -> 31.452703 | L44: =(H44-Main!T44)/F44*SIGN(B44) -> 315.83308 | M44: =L44*C44/B44 -> 139.4766 | N44: =L44*D44/B44 -> 30.570712 | O44: =(H44)/2 -> 178.30524 | P44: =O44/F44*SIGN(B44) -> 162.47256 | Q44: =P44*C44/B44 -> 71.750307 | R44: =P44*D44/B44 -> 15.726351 | S44: =DEGREES(ATAN((ABS(C44))/(ABS(B44)))) -> 23.826968 | T44: =S44+180 -> 203.82697 | U44: =90-DEGREES(ACOS(ABS(D44/E44))) -> 5.0600078 | V44: =U44 -> 5.0600078 | X44: =SQRT(SUMSQ(B44,C44)) -> 265.51286 | Y44: =(ATAN2(B44,C44)) -> 0.41585905 | Z44: =(ATAN2(X44,D44)) -> 0.088313795 | AA44: =-Main!D44/2*SIN(ABS(Z44))+X44 -> 265.41143 | AB44: =Main!D44/2*COS(ABS(Z44))*SIGN(Z44)+D44 -> 24.655118 | AC44: =ATAN2(AA44,AB44) -> 0.09262813 | AD44: =SQRT(SUMSQ(AA44,AB44)) -> 266.55413 | AE44: =AE43 -> 75 | AF44: =(ASIN(AE44/AD44)) -> 0.28522018 | AG44: =DEGREES(AF44+ABS(AC44-Z44)) -> 16.589106 | AH44: =DEGREES(ATAN((Main!S44/2+Main!D44/2)/Main!C44)) -> 18.088839 | AI44: =A44 -> 42 | AJ44: =Main!S44*(G44-Main!T44)/G44/25 -> 1.7501837
A45: 43 | B45: =B25 -> 201.3326 | C45: =C25 -> 136.87 | D45: =-D25 -> 23.62 | E45: =SQRT((B45^2)+(C45^2)+(D45^2)) -> 244.59378 | F45: =SQRT((1)+((C45/B45)^2)+(D45/B45)^2) -> 1.2148742 | G45: =Main!C45 -> 72.859398 | H45: =E45+G45+Main!T45 -> 327.45318 | I45: =H45/F45*SIGN(B45) -> 269.5367 | J45: =I45*C45/B45 -> 183.23653 | K45: =I45*D45/B45 -> 31.621589 | L45: =(H45-Main!T45)/F45*SIGN(B45) -> 261.30539 | M45: =L45*C45/B45 -> 177.64073 | N45: =L45*D45/B45 -> 30.655907 | O45: =(H45)/2 -> 163.72659 | P45: =O45/F45*SIGN(B45) -> 134.76835 | Q45: =P45*C45/B45 -> 91.618267 | R45: =P45*D45/B45 -> 15.810795 | S45: =DEGREES(ATAN((ABS(C45))/(ABS(B45)))) -> 34.208663 | T45: =S45+180 -> 214.20866 | U45: =90-DEGREES(ACOS(ABS(D45/E45))) -> 5.5415906 | V45: =U45 -> 5.5415906 | X45: =SQRT(SUMSQ(B45,C45)) -> 243.45064 | Y45: =(ATAN2(B45,C45)) -> 0.59705381 | Z45: =(ATAN2(X45,D45)) -> 0.096719001 | AA45: =-Main!D45/2*SIN(ABS(Z45))+X45 -> 243.33958 | AB45: =Main!D45/2*COS(ABS(Z45))*SIGN(Z45)+D45 -> 24.764625 | AC45: =ATAN2(AA45,AB45) -> 0.10142064 | AD45: =SQRT(SUMSQ(AA45,AB45)) -> 244.59648 | AE45: =AE44 -> 75 | AF45: =(ASIN(AE45/AD45)) -> 0.31164779 | AG45: =DEGREES(AF45+ABS(AC45-Z45)) -> 18.125487 | AH45: =DEGREES(ATAN((Main!S45/2+Main!D45/2)/Main!C45)) -> 19.743593 | AI45: =A45 -> 43 | AJ45: =Main!S45*(G45-Main!T45)/G45/25 -> 1.7254987
A46: 44 | B46: =B26 -> 155.0181 | C46: =C26 -> 158.4473 | D46: =-D26 -> 23.7553 | E46: =SQRT((B46^2)+(C46^2)+(D46^2)) -> 222.93603 | F46: =SQRT((1)+((C46/B46)^2)+(D46/B46)^2) -> 1.438129 | G46: =Main!C46 -> 65.690837 | H46: =E46+G46+Main!T46 -> 298.62686 | I46: =H46/F46*SIGN(B46) -> 207.64956 | J46: =I46*C46/B46 -> 212.24304 | K46: =I46*D46/B46 -> 31.820656 | L46: =(H46-Main!T46)/F46*SIGN(B46) -> 200.69609 | M46: =L46*C46/B46 -> 205.13574 | N46: =L46*D46/B46 -> 30.755091 | O46: =(H46)/2 -> 149.31343 | P46: =O46/F46*SIGN(B46) -> 103.82478 | Q46: =P46*C46/B46 -> 106.12152 | R46: =P46*D46/B46 -> 15.910328 | S46: =DEGREES(ATAN((ABS(C46))/(ABS(B46)))) -> 45.62677 | T46: =S46+180 -> 225.62677 | U46: =90-DEGREES(ACOS(ABS(D46/E46))) -> 6.116855 | V46: =U46 -> 6.116855 | X46: =SQRT(SUMSQ(B46,C46)) -> 221.66677 | Y46: =(ATAN2(B46,C46)) -> 0.79633737 | Z46: =(ATAN2(X46,D46)) -> 0.10675926 | AA46: =-Main!D46/2*SIN(ABS(Z46))+X46 -> 221.54423 | AB46: =Main!D46/2*COS(ABS(Z46))*SIGN(Z46)+D46 -> 24.898753 | AC46: =ATAN2(AA46,AB46) -> 0.11191764 | AD46: =SQRT(SUMSQ(AA46,AB46)) -> 222.93899 | AE46: =AE45 -> 75 | AF46: =(ASIN(AE46/AD46)) -> 0.3431073 | AG46: =DEGREES(AF46+ABS(AC46-Z46)) -> 19.954154 | AH46: =DEGREES(ATAN((Main!S46/2+Main!D46/2)/Main!C46)) -> 21.706356 | AI46: =A46 -> 44 | AJ46: =Main!S46*(G46-Main!T46)/G46/25 -> 1.6955435
A47: 45 | B47: =B27 -> 106.2709 | C47: =C27 -> 171.9591 | D47: =-D27 -> 23.9071 | E47: =SQRT((B47^2)+(C47^2)+(D47^2)) -> 203.55585 | F47: =SQRT((1)+((C47/B47)^2)+(D47/B47)^2) -> 1.915443 | G47: =Main!C47 -> 59.199306 | H47: =E47+G47+Main!T47 -> 272.75516 | I47: =H47/F47*SIGN(B47) -> 142.39795 | J47: =I47*C47/B47 -> 230.41701 | K47: =I47*D47/B47 -> 32.034377 | L47: =(H47-Main!T47)/F47*SIGN(B47) -> 137.17723 | M47: =L47*C47/B47 -> 221.96925 | N47: =L47*D47/B47 -> 30.859903 | O47: =(H47)/2 -> 136.37758 | P47: =O47/F47*SIGN(B47) -> 71.198975 | Q47: =P47*C47/B47 -> 115.20851 | R47: =P47*D47/B47 -> 16.017188 | S47: =DEGREES(ATAN((ABS(C47))/(ABS(B47)))) -> 58.283892 | T47: =S47+180 -> 238.28389 | U47: =90-DEGREES(ACOS(ABS(D47/E47))) -> 6.7448059 | V47: =U47 -> 6.7448059 | X47: =SQRT(SUMSQ(B47,C47)) -> 202.14707 | Y47: =(ATAN2(B47,C47)) -> 1.0172458 | Z47: =(ATAN2(X47,D47)) -> 0.11771907 | AA47: =-Main!D47/2*SIN(ABS(Z47))+X47 -> 202.012 | AB47: =Main!D47/2*COS(ABS(Z47))*SIGN(Z47)+D47 -> 25.049141 | AC47: =ATAN2(AA47,AB47) -> 0.12336857 | AD47: =SQRT(SUMSQ(AA47,AB47)) -> 203.5591 | AE47: =AE46 -> 75 | AF47: =(ASIN(AE47/AD47)) -> 0.37733403 | AG47: =DEGREES(AF47+ABS(AC47-Z47)) -> 21.94334 | AH47: =DEGREES(ATAN((Main!S47/2+Main!D47/2)/Main!C47)) -> 23.832397 | AI47: =A47 -> 45 | AJ47: =Main!S47*(G47-Main!T47)/G47/25 -> 1.6621582
A48: 46 | B48: =B28 -> 56.74056 | C48: =C28 -> 177.7703 | D48: =-D28 -> 24.0565 | E48: =SQRT((B48^2)+(C48^2)+(D48^2)) -> 188.15017 | F48: =SQRT((1)+((C48/B48)^2)+(D48/B48)^2) -> 3.3159731 | G48: =Main!C48 -> 53.969215 | H48: =E48+G48+Main!T48 -> 252.11938 | I48: =H48/F48*SIGN(B48) -> 76.031795 | J48: =I48*C48/B48 -> 238.21046 | K48: =I48*D48/B48 -> 32.235474 | L48: =(H48-Main!T48)/F48*SIGN(B48) -> 73.016089 | M48: =L48*C48/B48 -> 228.76214 | N48: =L48*D48/B48 -> 30.956895 | O48: =(H48)/2 -> 126.05969 | P48: =O48/F48*SIGN(B48) -> 38.015897 | Q48: =P48*C48/B48 -> 119.10523 | R48: =P48*D48/B48 -> 16.117737 | S48: =DEGREES(ATAN((ABS(C48))/(ABS(B48)))) -> 72.298005 | T48: =S48+180 -> 252.29801 | U48: =90-DEGREES(ACOS(ABS(D48/E48))) -> 7.3458305 | V48: =U48 -> 7.3458305 | X48: =SQRT(SUMSQ(B48,C48)) -> 186.60592 | Y48: =(ATAN2(B48,C48)) -> 1.2618382 | Z48: =(ATAN2(X48,D48)) -> 0.12820893 | AA48: =-Main!D48/2*SIN(ABS(Z48))+X48 -> 186.45889 | AB48: =Main!D48/2*COS(ABS(Z48))*SIGN(Z48)+D48 -> 25.197061 | AC48: =ATAN2(AA48,AB48) -> 0.13432099 | AD48: =SQRT(SUMSQ(AA48,AB48)) -> 188.15368 | AE48: =AE47 -> 75 | AF48: =(ASIN(AE48/AD48)) -> 0.41000108 | AG48: =DEGREES(AF48+ABS(AC48-Z48)) -> 23.841527 | AH48: =DEGREES(ATAN((Main!S48/2+Main!D48/2)/Main!C48)) -> 25.851835 | AI48: =A48 -> 46 | AJ48: =Main!S48*(G48-Main!T48)/G48/25 -> 1.6294184
A49: 47 | B49: =B29 -> 7.351419 | C49: =C29 -> 176.2461 | D49: =-D29 -> 24.1728 | E49: =SQRT((B49^2)+(C49^2)+(D49^2)) -> 178.0479 | F49: =SQRT((1)+((C49/B49)^2)+(D49/B49)^2) -> 24.219528 | G49: =Main!C49 -> 50.495914 | H49: =E49+G49+Main!T49 -> 238.54382 | I49: =H49/F49*SIGN(B49) -> 9.8492345 | J49: =I49*C49/B49 -> 236.12981 | K49: =I49*D49/B49 -> 32.386071 | L49: =(H49-Main!T49)/F49*SIGN(B49) -> 9.4363445 | M49: =L49*C49/B49 -> 226.23101 | N49: =L49*D49/B49 -> 31.028414 | O49: =(H49)/2 -> 119.27191 | P49: =O49/F49*SIGN(B49) -> 4.9246172 | Q49: =P49*C49/B49 -> 118.0649 | R49: =P49*D49/B49 -> 16.193035 | S49: =DEGREES(ATAN((ABS(C49))/(ABS(B49)))) -> 87.611514 | T49: =S49+180 -> 267.61151 | U49: =90-DEGREES(ACOS(ABS(D49/E49))) -> 7.8028996 | V49: =U49 -> 7.8028996 | X49: =SQRT(SUMSQ(B49,C49)) -> 176.39935 | Y49: =(ATAN2(B49,C49)) -> 1.5291094 | Z49: =(ATAN2(X49,D49)) -> 0.13618629 | AA49: =-Main!D49/2*SIN(ABS(Z49))+X49 -> 176.24322 | AB49: =Main!D49/2*COS(ABS(Z49))*SIGN(Z49)+D49 -> 25.312152 | AC49: =ATAN2(AA49,AB49) -> 0.14264513 | AD49: =SQRT(SUMSQ(AA49,AB49)) -> 178.05162 | AE49: =AE48 -> 75 | AF49: =(ASIN(AE49/AD49)) -> 0.43479686 | AG49: =DEGREES(AF49+ABS(AC49-Z49)) -> 25.28209 | AH49: =DEGREES(ATAN((Main!S49/2+Main!D49/2)/Main!C49)) -> 27.377998 | AI49: =A49 -> 47 | AJ49: =Main!S49*(G49-Main!T49)/G49/25 -> 1.6039283
A50: 48 | B50: =B30 -> -41.7583 | C50: =C30 -> 167.3279 | D50: =-D30 -> 24.2224 | E50: =SQRT((B50^2)+(C50^2)+(D50^2)) -> 174.15254 | F50: =SQRT((1)+((C50/B50)^2)+(D50/B50)^2) -> 4.1704892 | G50: =Main!C50 -> 49.145502 | H50: =E50+G50+Main!T50 -> 233.29804 | I50: =H50/F50*SIGN(B50) -> -55.94021 | J50: =I50*C50/B50 -> 224.15563 | K50: =I50*D50/B50 -> 32.448786 | L50: =(H50-Main!T50)/F50*SIGN(B50) -> -53.54241 | M50: =L50*C50/B50 -> 214.5475 | N50: =L50*D50/B50 -> 31.057913 | O50: =(H50)/2 -> 116.64902 | P50: =O50/F50*SIGN(B50) -> -27.970105 | Q50: =P50*C50/B50 -> 112.07781 | R50: =P50*D50/B50 -> 16.224393 | S50: =DEGREES(ATAN((ABS(C50))/(ABS(B50)))) -> 75.987503 | T50: =-S50 -> -75.987503 | U50: =90-DEGREES(ACOS(ABS(D50/E50))) -> 7.9950336 | V50: =U50 -> 7.9950336 | X50: =SQRT(SUMSQ(B50,C50)) -> 172.4598 | Y50: =(ATAN2(B50,C50)) -> 1.8153605 | Z50: =(ATAN2(X50,D50)) -> 0.13953966 | AA50: =-Main!D50/2*SIN(ABS(Z50))+X50 -> 172.29985 | AB50: =Main!D50/2*COS(ABS(Z50))*SIGN(Z50)+D50 -> 25.361222 | AC50: =ATAN2(AA50,AB50) -> 0.14614297 | AD50: =SQRT(SUMSQ(AA50,AB50)) -> 174.15633 | AE50: =AE49 -> 75 | AF50: =(ASIN(AE50/AD50)) -> 0.44521015 | AG50: =DEGREES(AF50+ABS(AC50-Z50)) -> 25.887005 | AH50: =DEGREES(ATAN((Main!S50/2+Main!D50/2)/Main!C50)) -> 28.017151 | AI50: =A50 -> 48 | AJ50: =Main!S50*(G50-Main!T50)/G50/25 -> 1.5930452
A51: 49 | B51: =B31 -> -89.0623 | C51: =C31 -> 150.8126 | D51: =-D31 -> 24.1883 | E51: =SQRT((B51^2)+(C51^2)+(D51^2)) -> 176.80952 | F51: =SQRT((1)+((C51/B51)^2)+(D51/B51)^2) -> 1.9852342 | G51: =Main!C51 -> 50.067327 | H51: =E51+G51+Main!T51 -> 236.87685 | I51: =H51/F51*SIGN(B51) -> -119.31935 | J51: =I51*C51/B51 -> 202.04802 | K51: =I51*D51/B51 -> 32.405768 | L51: =(H51-Main!T51)/F51*SIGN(B51) -> -114.28216 | M51: =L51*C51/B51 -> 193.51835 | N51: =L51*D51/B51 -> 31.037725 | O51: =(H51)/2 -> 118.43843 | P51: =O51/F51*SIGN(B51) -> -59.659674 | Q51: =P51*C51/B51 -> 101.02401 | R51: =P51*D51/B51 -> 16.202884 | S51: =DEGREES(ATAN((ABS(C51))/(ABS(B51)))) -> 59.436048 | T51: =-S51 -> -59.436048 | U51: =90-DEGREES(ACOS(ABS(D51/E51))) -> 7.8629658 | V51: =U51 -> 7.8629658 | X51: =SQRT(SUMSQ(B51,C51)) -> 175.14718 | Y51: =(ATAN2(B51,C51)) -> 2.1042379 | Z51: =(ATAN2(X51,D51)) -> 0.13723464 | AA51: =-Main!D51/2*SIN(ABS(Z51))+X51 -> 174.98985 | AB51: =Main!D51/2*COS(ABS(Z51))*SIGN(Z51)+D51 -> 25.327488 | AC51: =ATAN2(AA51,AB51) -> 0.14373872 | AD51: =SQRT(SUMSQ(AA51,AB51)) -> 176.81326 | AE51: =AE50 -> 75 | AF51: =(ASIN(AE51/AD51)) -> 0.43805214 | AG51: =DEGREES(AF51+ABS(AC51-Z51)) -> 25.471195 | AH51: =DEGREES(ATAN((Main!S51/2+Main!D51/2)/Main!C51)) -> 27.577917 | AI51: =A51 -> 49 | AJ51: =Main!S51*(G51-Main!T51)/G51/25 -> 1.6005379
A52: 50 | B52: =B32 -> -132.361 | C52: =C32 -> 126.955 | D52: =-D32 -> 24.0912 | E52: =SQRT((B52^2)+(C52^2)+(D52^2)) -> 184.97944 | F52: =SQRT((1)+((C52/B52)^2)+(D52/B52)^2) -> 1.3975373 | G52: =Main!C52 -> 52.883244 | H52: =E52+G52+Main!T52 -> 247.86268 | I52: =H52/F52*SIGN(B52) -> -177.35675 | J52: =I52*C52/B52 -> 170.113 | K52: =I52*D52/B52 -> 32.280936 | L52: =(H52-Main!T52)/F52*SIGN(B52) -> -170.20131 | M52: =L52*C52/B52 -> 163.2498 | N52: =L52*D52/B52 -> 30.978564 | O52: =(H52)/2 -> 123.93134 | P52: =O52/F52*SIGN(B52) -> -88.678376 | Q52: =P52*C52/B52 -> 85.056499 | R52: =P52*D52/B52 -> 16.140468 | S52: =DEGREES(ATAN((ABS(C52))/(ABS(B52)))) -> 43.805719 | T52: =-S52 -> -43.805719 | U52: =90-DEGREES(ACOS(ABS(D52/E52))) -> 7.4832982 | V52: =U52 -> 7.4832982 | X52: =SQRT(SUMSQ(B52,C52)) -> 183.40394 | Y52: =(ATAN2(B52,C52)) -> 2.3770386 | Z52: =(ATAN2(X52,D52)) -> 0.13060819 | AA52: =-Main!D52/2*SIN(ABS(Z52))+X52 -> 183.25417 | AB52: =Main!D52/2*COS(ABS(Z52))*SIGN(Z52)+D52 -> 25.231405 | AC52: =ATAN2(AA52,AB52) -> 0.13682502 | AD52: =SQRT(SUMSQ(AA52,AB52)) -> 184.98301 | AE52: =AE51 -> 75 | AF52: =(ASIN(AE52/AD52)) -> 0.417463 | AG52: =DEGREES(AF52+ABS(AC52-Z52)) -> 24.275066 | AH52: =DEGREES(ATAN((Main!S52/2+Main!D52/2)/Main!C52)) -> 26.31173 | AI52: =A52 -> 50 | AJ52: =Main!S52*(G52-Main!T52)/G52/25 -> 1.6218084
A53: 51 | B53: =B33 -> -170.499 | C53: =C33 -> 95.57272 | D53: =-D33 -> 23.9678 | E53: =SQRT((B53^2)+(C53^2)+(D53^2)) -> 196.9226 | F53: =SQRT((1)+((C53/B53)^2)+(D53/B53)^2) -> 1.154978 | G53: =Main!C53 -> 56.956126 | H53: =E53+G53+Main!T53 -> 263.87872 | I53: =H53/F53*SIGN(B53) -> -228.47077 | J53: =I53*C53/B53 -> 128.06863 | K53: =I53*D53/B53 -> 32.117149 | L53: =(H53-Main!T53)/F53*SIGN(B53) -> -219.8126 | M53: =L53*C53/B53 -> 123.21532 | N53: =L53*D53/B53 -> 30.900031 | O53: =(H53)/2 -> 131.93936 | P53: =O53/F53*SIGN(B53) -> -114.23539 | Q53: =P53*C53/B53 -> 64.034315 | R53: =P53*D53/B53 -> 16.058575 | S53: =DEGREES(ATAN((ABS(C53))/(ABS(B53)))) -> 29.272684 | T53: =-S53 -> -29.272684 | U53: =90-DEGREES(ACOS(ABS(D53/E53))) -> 6.9909046 | V53: =U53 -> 6.9909046 | X53: =SQRT(SUMSQ(B53,C53)) -> 195.45857 | Y53: =(ATAN2(B53,C53)) -> 2.6306879 | Z53: =(ATAN2(X53,D53)) -> 0.1220143 | AA53: =-Main!D53/2*SIN(ABS(Z53))+X53 -> 195.3186 | AB53: =Main!D53/2*COS(ABS(Z53))*SIGN(Z53)+D53 -> 25.10925 | AC53: =ATAN2(AA53,AB53) -> 0.1278541 | AD53: =SQRT(SUMSQ(AA53,AB53)) -> 196.92595 | AE53: =AE52 -> 75 | AF53: =(ASIN(AE53/AD53)) -> 0.39071952 | AG53: =DEGREES(AF53+ABS(AC53-Z53)) -> 22.721175 | AH53: =DEGREES(ATAN((Main!S53/2+Main!D53/2)/Main!C53)) -> 24.661054 | AI53: =A53 -> 51 | AJ53: =Main!S53*(G53-Main!T53)/G53/25 -> 1.6488525
A54: 52 | B54: =B34 -> -201.258 | C54: =C34 -> 56.97774 | D54: =-D34 -> 23.8485 | E54: =SQRT((B54^2)+(C54^2)+(D54^2)) -> 210.52315 | F54: =SQRT((1)+((C54/B54)^2)+(D54/B54)^2) -> 1.0460362 | G54: =Main!C54 -> 61.542947 | H54: =E54+G54+Main!T54 -> 282.0661 | I54: =H54/F54*SIGN(B54) -> -269.65233 | J54: =I54*C54/B54 -> 76.340719 | K54: =I54*D54/B54 -> 31.953034 | L54: =(H54-Main!T54)/F54*SIGN(B54) -> -260.09243 | M54: =L54*C54/B54 -> 73.634236 | N54: =L54*D54/B54 -> 30.820213 | O54: =(H54)/2 -> 141.03305 | P54: =O54/F54*SIGN(B54) -> -134.82617 | Q54: =P54*C54/B54 -> 38.17036 | R54: =P54*D54/B54 -> 15.976517 | S54: =DEGREES(ATAN((ABS(C54))/(ABS(B54)))) -> 15.807239 | T54: =-S54 -> -15.807239 | U54: =90-DEGREES(ACOS(ABS(D54/E54))) -> 6.5045479 | V54: =U54 -> 6.5045479 | X54: =SQRT(SUMSQ(B54,C54)) -> 209.16798 | Y54: =(ATAN2(B54,C54)) -> 2.8657043 | Z54: =(ATAN2(X54,D54)) -> 0.11352578 | AA54: =-Main!D54/2*SIN(ABS(Z54))+X54 -> 209.03771 | AB54: =Main!D54/2*COS(ABS(Z54))*SIGN(Z54)+D54 -> 24.991097 | AC54: =ATAN2(AA54,AB54) -> 0.1189883 | AD54: =SQRT(SUMSQ(AA54,AB54)) -> 210.52629 | AE54: =AE53 -> 75 | AF54: =(ASIN(AE54/AD54)) -> 0.36425154 | AG54: =DEGREES(AF54+ABS(AC54-Z54)) -> 21.183056 | AH54: =DEGREES(ATAN((Main!S54/2+Main!D54/2)/Main!C54)) -> 23.020956 | AI54: =A54 -> 52 | AJ54: =Main!S54*(G54-Main!T54)/G54/25 -> 1.6750237
A55: 53 | B55: =B35 -> -221.948 | C55: =C35 -> 12.56229 | D55: =-D35 -> 23.7509 | E55: =SQRT((B55^2)+(C55^2)+(D55^2)) -> 223.5684 | F55: =SQRT((1)+((C55/B55)^2)+(D55/B55)^2) -> 1.0073008 | G55: =Main!C55 -> 65.901303 | H55: =E55+G55+Main!T55 -> 299.46971 | I55: =H55/F55*SIGN(B55) -> -297.29918 | J55: =I55*C55/B55 -> 16.827178 | K55: =I55*D55/B55 -> 31.814313 | L55: =(H55-Main!T55)/F55*SIGN(B55) -> -287.37166 | M55: =L55*C55/B55 -> 16.265279 | N55: =L55*D55/B55 -> 30.751958 | O55: =(H55)/2 -> 149.73485 | P55: =O55/F55*SIGN(B55) -> -148.64959 | Q55: =P55*C55/B55 -> 8.413589 | R55: =P55*D55/B55 -> 15.907156 | S55: =DEGREES(ATAN((ABS(C55))/(ABS(B55)))) -> 3.2394933 | T55: =-S55 -> -3.2394933 | U55: =90-DEGREES(ACOS(ABS(D55/E55))) -> 6.0983534 | V55: =U55 -> 6.0983534 | X55: =SQRT(SUMSQ(B55,C55)) -> 222.30323 | Y55: =(ATAN2(B55,C55)) -> 3.0850528 | Z55: =(ATAN2(X55,D55)) -> 0.10643635 | AA55: =-Main!D55/2*SIN(ABS(Z55))+X55 -> 222.18106 | AB55: =Main!D55/2*COS(ABS(Z55))*SIGN(Z55)+D55 -> 24.894392 | AC55: =ATAN2(AA55,AB55) -> 0.11158014 | AD55: =SQRT(SUMSQ(AA55,AB55)) -> 223.57136 | AE55: =AE54 -> 75 | AF55: =(ASIN(AE55/AD55)) -> 0.34209705 | AG55: =DEGREES(AF55+ABS(AC55-Z55)) -> 19.895435 | AH55: =DEGREES(ATAN((Main!S55/2+Main!D55/2)/Main!C55)) -> 21.64345 | AI55: =A55 -> 53 | AJ55: =Main!S55*(G55-Main!T55)/G55/25 -> 1.6965159
A56: 54 | B56: =B36 -> -230.423 | C56: =C36 -> -35.1111 | D56: =-D36 -> 23.6806 | E56: =SQRT((B56^2)+(C56^2)+(D56^2)) -> 234.28256 | F56: =SQRT((1)+((C56/B56)^2)+(D56/B56)^2) -> 1.0167499 | G56: =Main!C56 -> 69.456102 | H56: =E56+G56+Main!T56 -> 313.73866 | I56: =H56/F56*SIGN(B56) -> -308.57014 | J56: =I56*C56/B56 -> -47.018905 | K56: =I56*D56/B56 -> 31.711792 | L56: =(H56-Main!T56)/F56*SIGN(B56) -> -298.73488 | M56: =L56*C56/B56 -> -45.520241 | N56: =L56*D56/B56 -> 30.701021 | O56: =(H56)/2 -> 156.86933 | P56: =O56/F56*SIGN(B56) -> -154.28507 | Q56: =P56*C56/B56 -> -23.509453 | R56: =P56*D56/B56 -> 15.855896 | S56: =DEGREES(ATAN((ABS(C56))/(ABS(B56)))) -> 8.6638982 | T56: =S56 -> 8.6638982 | U56: =90-DEGREES(ACOS(ABS(D56/E56))) -> 5.8011976 | V56: =U56 -> 5.8011976 | X56: =SQRT(SUMSQ(B56,C56)) -> 233.08271 | Y56: =(ATAN2(B56,C56)) -> -2.9903791 | Z56: =(ATAN2(X56,D56)) -> 0.10125 | AA56: =-Main!D56/2*SIN(ABS(Z56))+X56 -> 232.96647 | AB56: =Main!D56/2*COS(ABS(Z56))*SIGN(Z56)+D56 -> 24.82471 | AC56: =ATAN2(AA56,AB56) -> 0.10615856 | AD56: =SQRT(SUMSQ(AA56,AB56)) -> 234.28538 | AE56: =AE55 -> 75 | AF56: =(ASIN(AE56/AD56)) -> 0.32585868 | AG56: =DEGREES(AF56+ABS(AC56-Z56)) -> 18.951567 | AH56: =DEGREES(ATAN((Main!S56/2+Main!D56/2)/Main!C56)) -> 20.631195 | AI56: =A56 -> 54 | AJ56: =Main!S56*(G56-Main!T56)/G56/25 -> 1.7120483
A57: 55 | B57: =B37 -> -225.927 | C57: =C37 -> -82.9365 | D57: =-D37 -> 23.6357 | E57: =SQRT((B57^2)+(C57^2)+(D57^2)) -> 241.82663 | F57: =SQRT((1)+((C57/B57)^2)+(D57/B57)^2) -> 1.0703751 | G57: =Main!C57 -> 71.94765 | H57: =E57+G57+Main!T57 -> 323.77428 | I57: =H57/F57*SIGN(B57) -> -302.48675 | J57: =I57*C57/B57 -> -111.04114 | K57: =I57*D57/B57 -> 31.645116 | L57: =(H57-Main!T57)/F57*SIGN(B57) -> -293.14423 | M57: =L57*C57/B57 -> -107.61156 | N57: =L57*D57/B57 -> 30.667734 | O57: =(H57)/2 -> 161.88714 | P57: =O57/F57*SIGN(B57) -> -151.24338 | Q57: =P57*C57/B57 -> -55.520572 | R57: =P57*D57/B57 -> 15.822558 | S57: =DEGREES(ATAN((ABS(C57))/(ABS(B57)))) -> 20.157895 | T57: =S57 -> 20.157895 | U57: =90-DEGREES(ACOS(ABS(D57/E57))) -> 5.6089409 | V57: =U57 -> 5.6089409 | X57: =SQRT(SUMSQ(B57,C57)) -> 240.6688 | Y57: =(ATAN2(B57,C57)) -> -2.789771 | Z57: =(ATAN2(X57,D57)) -> 0.097894487 | AA57: =-Main!D57/2*SIN(ABS(Z57))+X57 -> 240.5564 | AB57: =Main!D57/2*COS(ABS(Z57))*SIGN(Z57)+D57 -> 24.780194 | AC57: =ATAN2(AA57,AB57) -> 0.10264992 | AD57: =SQRT(SUMSQ(AA57,AB57)) -> 241.82936 | AE57: =AE56 -> 75 | AF57: =(ASIN(AE57/AD57)) -> 0.31533612 | AG57: =DEGREES(AF57+ABS(AC57-Z57)) -> 18.339895 | AH57: =DEGREES(ATAN((Main!S57/2+Main!D57/2)/Main!C57)) -> 19.974116 | AI57: =A57 -> 55 | AJ57: =Main!S57*(G57-Main!T57)/G57/25 -> 1.7220201
A58: 56 | B58: =B38 -> -209.229 | C58: =C38 -> -127.899 | D58: =-D38 -> 23.6103 | E58: =SQRT((B58^2)+(C58^2)+(D58^2)) -> 246.35822 | F58: =SQRT((1)+((C58/B58)^2)+(D58/B58)^2) -> 1.1774574 | G58: =Main!C58 -> 73.440195 | H58: =E58+G58+Main!T58 -> 329.79842 | I58: =H58/F58*SIGN(B58) -> -280.09373 | J58: =I58*C58/B58 -> -171.2177 | K58: =I58*D58/B58 -> 31.606981 | L58: =(H58-Main!T58)/F58*SIGN(B58) -> -271.60085 | M58: =L58*C58/B58 -> -166.02611 | N58: =L58*D58/B58 -> 30.648608 | O58: =(H58)/2 -> 164.89921 | P58: =O58/F58*SIGN(B58) -> -140.04686 | Q58: =P58*C58/B58 -> -85.608849 | R58: =P58*D58/B58 -> 15.80349 | S58: =DEGREES(ATAN((ABS(C58))/(ABS(B58)))) -> 31.436909 | T58: =S58 -> 31.436909 | U58: =90-DEGREES(ACOS(ABS(D58/E58))) -> 5.4995118 | V58: =U58 -> 5.4995118 | X58: =SQRT(SUMSQ(B58,C58)) -> 245.22424 | Y58: =(ATAN2(B58,C58)) -> -2.5929151 | Z58: =(ATAN2(X58,D58)) -> 0.095984588 | AA58: =-Main!D58/2*SIN(ABS(Z58))+X58 -> 245.11403 | AB58: =Main!D58/2*COS(ABS(Z58))*SIGN(Z58)+D58 -> 24.755007 | AC58: =ATAN2(AA58,AB58) -> 0.10065255 | AD58: =SQRT(SUMSQ(AA58,AB58)) -> 246.36091 | AE58: =AE57 -> 75 | AF58: =(ASIN(AE58/AD58)) -> 0.30934145 | AG58: =DEGREES(AF58+ABS(AC58-Z58)) -> 17.991414 | AH58: =DEGREES(ATAN((Main!S58/2+Main!D58/2)/Main!C58)) -> 19.599393 | AI58: =A58 -> 56 | AJ58: =Main!S58*(G58-Main!T58)/G58/25 -> 1.7276696
A59: 57 | B59: =B39 -> -182.273 | C59: =C39 -> -167.656 | D59: =-D39 -> 23.5972 | E59: =SQRT((B59^2)+(C59^2)+(D59^2)) -> 248.77461 | F59: =SQRT((1)+((C59/B59)^2)+(D59/B59)^2) -> 1.3648462 | G59: =Main!C59 -> 74.234894 | H59: =E59+G59+Main!T59 -> 333.00951 | I59: =H59/F59*SIGN(B59) -> -243.9905 | J59: =I59*C59/B59 -> -224.42419 | K59: =I59*D59/B59 -> 31.587194 | L59: =(H59-Main!T59)/F59*SIGN(B59) -> -236.66367 | M59: =L59*C59/B59 -> -217.68492 | N59: =L59*D59/B59 -> 30.638657 | O59: =(H59)/2 -> 166.50475 | P59: =O59/F59*SIGN(B59) -> -121.99525 | Q59: =P59*C59/B59 -> -112.2121 | R59: =P59*D59/B59 -> 15.793597 | S59: =DEGREES(ATAN((ABS(C59))/(ABS(B59)))) -> 42.60807 | T59: =S59 -> 42.60807 | U59: =90-DEGREES(ACOS(ABS(D59/E59))) -> 5.4429011 | V59: =U59 -> 5.4429011 | X59: =SQRT(SUMSQ(B59,C59)) -> 247.65294 | Y59: =(ATAN2(B59,C59)) -> -2.3979416 | Z59: =(ATAN2(X59,D59)) -> 0.094996545 | AA59: =-Main!D59/2*SIN(ABS(Z59))+X59 -> 247.54386 | AB59: =Main!D59/2*COS(ABS(Z59))*SIGN(Z59)+D59 -> 24.742015 | AC59: =ATAN2(AA59,AB59) -> 0.099619171 | AD59: =SQRT(SUMSQ(AA59,AB59)) -> 248.77727 | AE59: =AE58 -> 75 | AF59: =(ASIN(AE59/AD59)) -> 0.30623871 | AG59: =DEGREES(AF59+ABS(AC59-Z59)) -> 17.811043 | AH59: =DEGREES(ATAN((Main!S59/2+Main!D59/2)/Main!C59)) -> 19.405333 | AI59: =A59 -> 57 | AJ59: =Main!S59*(G59-Main!T59)/G59/25 -> 1.7305849
A60: 58 | B60: =B40 -> -147.473 | C60: =C40 -> -200.839 | D60: =-D40 -> 23.5892 | E60: =SQRT((B60^2)+(C60^2)+(D60^2)) -> 250.28192 | F60: =SQRT((1)+((C60/B60)^2)+(D60/B60)^2) -> 1.6971372 | G60: =Main!C60 -> 74.730217 | H60: =E60+G60+Main!T60 -> 335.01214 | I60: =H60/F60*SIGN(B60) -> -197.39838 | J60: =I60*C60/B60 -> -268.83085 | K60: =I60*D60/B60 -> 31.575067 | L60: =(H60-Main!T60)/F60*SIGN(B60) -> -191.5061 | M60: =L60*C60/B60 -> -260.80634 | N60: =L60*D60/B60 -> 30.632561 | O60: =(H60)/2 -> 167.50607 | P60: =O60/F60*SIGN(B60) -> -98.699189 | Q60: =P60*C60/B60 -> -134.41543 | R60: =P60*D60/B60 -> 15.787533 | S60: =DEGREES(ATAN((ABS(C60))/(ABS(B60)))) -> 53.710732 | T60: =S60 -> 53.710732 | U60: =90-DEGREES(ACOS(ABS(D60/E60))) -> 5.4081839 | V60: =U60 -> 5.4081839 | X60: =SQRT(SUMSQ(B60,C60)) -> 249.16779 | Y60: =(ATAN2(B60,C60)) -> -2.2041635 | Z60: =(ATAN2(X60,D60)) -> 0.094390616 | AA60: =-Main!D60/2*SIN(ABS(Z60))+X60 -> 249.05941 | AB60: =Main!D60/2*COS(ABS(Z60))*SIGN(Z60)+D60 -> 24.734081 | AC60: =ATAN2(AA60,AB60) -> 0.098985403 | AD60: =SQRT(SUMSQ(AA60,AB60)) -> 250.28456 | AE60: =AE59 -> 75 | AF60: =(ASIN(AE60/AD60)) -> 0.30433512 | AG60: =DEGREES(AF60+ABS(AC60-Z60)) -> 17.70038 | AH60: =DEGREES(ATAN((Main!S60/2+Main!D60/2)/Main!C60)) -> 19.286238 | AI60: =A60 -> 58 | AJ60: =Main!S60*(G60-Main!T60)/G60/25 -> 1.7323706
A61: 59 | B61: =B41 -> -107.125 | C61: =C41 -> -226.898 | D61: =-D41 -> 23.5801 | E61: =SQRT((B61^2)+(C61^2)+(D61^2)) -> 252.02081 | F61: =SQRT((1)+((C61/B61)^2)+(D61/B61)^2) -> 2.3525863 | G61: =Main!C61 -> 75.301271 | H61: =E61+G61+Main!T61 -> 337.32208 | I61: =H61/F61*SIGN(B61) -> -143.38351 | J61: =I61*C61/B61 -> -303.69597 | K61: =I61*D61/B61 -> 31.561237 | L61: =(H61-Main!T61)/F61*SIGN(B61) -> -139.13287 | M61: =L61*C61/B61 -> -294.69283 | N61: =L61*D61/B61 -> 30.625596 | O61: =(H61)/2 -> 168.66104 | P61: =O61/F61*SIGN(B61) -> -71.691754 | Q61: =P61*C61/B61 -> -151.84799 | R61: =P61*D61/B61 -> 15.780618 | S61: =DEGREES(ATAN((ABS(C61))/(ABS(B61)))) -> 64.726671 | T61: =S61 -> 64.726671 | U61: =90-DEGREES(ACOS(ABS(D61/E61))) -> 5.3686806 | V61: =U61 -> 5.3686806 | X61: =SQRT(SUMSQ(B61,C61)) -> 250.91526 | Y61: =(ATAN2(B61,C61)) -> -2.0118991 | Z61: =(ATAN2(X61,D61)) -> 0.093701153 | AA61: =-Main!D61/2*SIN(ABS(Z61))+X61 -> 250.80766 | AB61: =Main!D61/2*COS(ABS(Z61))*SIGN(Z61)+D61 -> 24.725055 | AC61: =ATAN2(AA61,AB61) -> 0.098264237 | AD61: =SQRT(SUMSQ(AA61,AB61)) -> 252.02343 | AE61: =AE60 -> 75 | AF61: =(ASIN(AE61/AD61)) -> 0.30216873 | AG61: =DEGREES(AF61+ABS(AC61-Z61)) -> 17.574438 | AH61: =DEGREES(ATAN((Main!S61/2+Main!D61/2)/Main!C61)) -> 19.150667 | AI61: =A61 -> 59 | AJ61: =Main!S61*(G61-Main!T61)/G61/25 -> 1.7344002
A62: 60 | B62: =B42 -> -63.1068 | C62: =C42 -> -245.785 | D62: =-D42 -> 23.5656 | E62: =SQRT((B62^2)+(C62^2)+(D62^2)) -> 254.84912 | F62: =SQRT((1)+((C62/B62)^2)+(D62/B62)^2) -> 4.0383781 | G62: =Main!C62 -> 76.229265 | H62: =E62+G62+Main!T62 -> 341.07838 | I62: =H62/F62*SIGN(B62) -> -84.45925 | J62: =I62*C62/B62 -> -328.94738 | K62: =I62*D62/B62 -> 31.539119 | L62: =(H62-Main!T62)/F62*SIGN(B62) -> -81.983008 | M62: =L62*C62/B62 -> -319.30305 | N62: =L62*D62/B62 -> 30.614431 | O62: =(H62)/2 -> 170.53919 | P62: =O62/F62*SIGN(B62) -> -42.229625 | Q62: =P62*C62/B62 -> -164.47369 | R62: =P62*D62/B62 -> 15.76956 | S62: =DEGREES(ATAN((ABS(C62))/(ABS(B62)))) -> 75.600014 | T62: =S62 -> 75.600014 | U62: =90-DEGREES(ACOS(ABS(D62/E62))) -> 5.3056532 | V62: =U62 -> 5.3056532 | X62: =SQRT(SUMSQ(B62,C62)) -> 253.75724 | Y62: =(ATAN2(B62,C62)) -> -1.8221235 | Z62: =(ATAN2(X62,D62)) -> 0.092601117 | AA62: =-Main!D62/2*SIN(ABS(Z62))+X62 -> 253.6509 | AB62: =Main!D62/2*COS(ABS(Z62))*SIGN(Z62)+D62 -> 24.710673 | AC62: =ATAN2(AA62,AB62) -> 0.09711356 | AD62: =SQRT(SUMSQ(AA62,AB62)) -> 254.85171 | AE62: =AE61 -> 75 | AF62: =(ASIN(AE62/AD62)) -> 0.29871126 | AG62: =DEGREES(AF62+ABS(AC62-Z62)) -> 17.373439 | AH62: =DEGREES(ATAN((Main!S62/2+Main!D62/2)/Main!C62)) -> 18.934229 | AI62: =A62 -> 60 | AJ62: =Main!S62*(G62-Main!T62)/G62/25 -> 1.7376336
A63: 61 | B63: =B43 -> 277.002 | C63: =C43 -> 70.37124 | D63: =-D3 -> 70.0363 | E63: =SQRT((B63^2)+(C63^2)+(D63^2)) -> 294.25721 | F63: =SQRT((1)+((C63/B63)^2)+(D63/B63)^2) -> 1.0622927 | G63: =Main!C63 -> 89.070206 | H63: =E63+G63+Main!T63 -> 393.32741 | I63: =H63/F63*SIGN(B63) -> 370.26274 | J63: =I63*C63/B63 -> 94.063755 | K63: =I63*D63/B63 -> 93.616048 | L63: =(H63-Main!T63)/F63*SIGN(B63) -> 360.84914 | M63: =L63*C63/B63 -> 91.672268 | N63: =L63*D63/B63 -> 91.235943 | O63: =(H63)/2 -> 196.66371 | P63: =O63/F63*SIGN(B63) -> 185.13137 | Q63: =P63*C63/B63 -> 47.031878 | R63: =P63*D63/B63 -> 46.808024 | S63: =DEGREES(ATAN((ABS(C63))/(ABS(B63)))) -> 14.254215 | T63: =S63+180 -> 194.25422 | U63: =90-DEGREES(ACOS(ABS(D63/E63))) -> 13.769147 | V63: =U63 -> 13.769147 | X63: =SQRT(SUMSQ(B63,C63)) -> 285.80101 | Y63: =(ATAN2(B63,C63)) -> 0.24878299 | Z63: =(ATAN2(X63,D63)) -> 0.24031695 | AA63: =-Main!D63/2*SIN(ABS(Z63))+X63 -> 285.5273 | AB63: =Main!D63/2*COS(ABS(Z63))*SIGN(Z63)+D63 -> 71.153252 | AC63: =ATAN2(AA63,AB63) -> 0.24422508 | AD63: =SQRT(SUMSQ(AA63,AB63)) -> 294.25945 | AE63: =AE62 -> 75 | AF63: =(ASIN(AE63/AD63)) -> 0.25772062 | AG63: =DEGREES(AF63+ABS(AC63-Z63)) -> 14.990223 | AH63: =DEGREES(ATAN((Main!S63/2+Main!D63/2)/Main!C63)) -> 16.361639 | AI63: =A63 -> 61 | AJ63: =Main!S63*(G63-Main!T63)/G63/25 -> 1.775458
A64: 62 | B64: =B44 -> 242.8831 | C64: =C44 -> 107.2608 | D64: =-D4 -> 70.2602 | E64: =SQRT((B64^2)+(C64^2)+(D64^2)) -> 274.65173 | F64: =SQRT((1)+((C64/B64)^2)+(D64/B64)^2) -> 1.130798 | G64: =Main!C64 -> 82.700811 | H64: =E64+G64+Main!T64 -> 367.35255 | I64: =H64/F64*SIGN(B64) -> 324.86132 | J64: =I64*C64/B64 -> 143.46361 | K64: =I64*D64/B64 -> 93.974514 | L64: =(H64-Main!T64)/F64*SIGN(B64) -> 316.01801 | M64: =L64*C64/B64 -> 139.55827 | N64: =L64*D64/B64 -> 91.416358 | O64: =(H64)/2 -> 183.67627 | P64: =O64/F64*SIGN(B64) -> 162.43066 | Q64: =P64*C64/B64 -> 71.731803 | R64: =P64*D64/B64 -> 46.987257 | S64: =DEGREES(ATAN((ABS(C64))/(ABS(B64)))) -> 23.826968 | T64: =S64+180 -> 203.82697 | U64: =90-DEGREES(ACOS(ABS(D64/E64))) -> 14.821919 | V64: =U64 -> 14.821919 | X64: =SQRT(SUMSQ(B64,C64)) -> 265.51286 | Y64: =(ATAN2(B64,C64)) -> 0.41585905 | Z64: =(ATAN2(X64,D64)) -> 0.25869129 | AA64: =-Main!D64/2*SIN(ABS(Z64))+X64 -> 265.21867 | AB64: =Main!D64/2*COS(ABS(Z64))*SIGN(Z64)+D64 -> 71.371934 | AC64: =ATAN2(AA64,AB64) -> 0.26287838 | AD64: =SQRT(SUMSQ(AA64,AB64)) -> 274.65414 | AE64: =AE63 -> 75 | AF64: =(ASIN(AE64/AD64)) -> 0.27658361 | AG64: =DEGREES(AF64+ABS(AC64-Z64)) -> 16.086977 | AH64: =DEGREES(ATAN((Main!S64/2+Main!D64/2)/Main!C64)) -> 17.546956 | AI64: =A64 -> 62 | AJ64: =Main!S64*(G64-Main!T64)/G64/25 -> 1.7581644
A65: 63 | B65: =B45 -> 201.3326 | C65: =C45 -> 136.87 | D65: =-D5 -> 70.5519 | E65: =SQRT((B65^2)+(C65^2)+(D65^2)) -> 253.46752 | F65: =SQRT((1)+((C65/B65)^2)+(D65/B65)^2) -> 1.2589492 | G65: =Main!C65 -> 75.776076 | H65: =E65+G65+Main!T65 -> 339.24359 | I65: =H65/F65*SIGN(B65) -> 269.46567 | J65: =I65*C65/B65 -> 183.18825 | K65: =I65*D65/B65 -> 94.427405 | L65: =(H65-Main!T65)/F65*SIGN(B65) -> 261.52254 | M65: =L65*C65/B65 -> 177.78835 | N65: =L65*D65/B65 -> 91.643936 | O65: =(H65)/2 -> 169.6218 | P65: =O65/F65*SIGN(B65) -> 134.73284 | Q65: =P65*C65/B65 -> 91.594124 | R65: =P65*D65/B65 -> 47.213703 | S65: =DEGREES(ATAN((ABS(C65))/(ABS(B65)))) -> 34.208663 | T65: =S65+180 -> 214.20866 | U65: =90-DEGREES(ACOS(ABS(D65/E65))) -> 16.161568 | V65: =U65 -> 16.161568 | X65: =SQRT(SUMSQ(B65,C65)) -> 243.45064 | Y65: =(ATAN2(B65,C65)) -> 0.59705381 | Z65: =(ATAN2(X65,D65)) -> 0.28207257 | AA65: =-Main!D65/2*SIN(ABS(Z65))+X65 -> 243.13054 | AB65: =Main!D65/2*COS(ABS(Z65))*SIGN(Z65)+D65 -> 71.656453 | AC65: =ATAN2(AA65,AB65) -> 0.28660961 | AD65: =SQRT(SUMSQ(AA65,AB65)) -> 253.47013 | AE65: =AE64 -> 75 | AF65: =(ASIN(AE65/AD65)) -> 0.30039009 | AG65: =DEGREES(AF65+ABS(AC65-Z65)) -> 17.471038 | AH65: =DEGREES(ATAN((Main!S65/2+Main!D65/2)/Main!C65)) -> 19.039336 | AI65: =A65 -> 63 | AJ65: =Main!S65*(G65-Main!T65)/G65/25 -> 1.7360645
A66: 64 | B66: =B46 -> 155.0181 | C66: =C46 -> 158.4473 | D66: =-D6 -> 70.9056 | E66: =SQRT((B66^2)+(C66^2)+(D66^2)) -> 232.73109 | F66: =SQRT((1)+((C66/B66)^2)+(D66/B66)^2) -> 1.5013156 | G66: =Main!C66 -> 68.942582 | H66: =E66+G66+Main!T66 -> 311.67368 | I66: =H66/F66*SIGN(B66) -> 207.60037 | J66: =I66*C66/B66 -> 212.19276 | K66: =I66*D66/B66 -> 94.956839 | L66: =(H66-Main!T66)/F66*SIGN(B66) -> 200.93954 | M66: =L66*C66/B66 -> 205.38459 | N66: =L66*D66/B66 -> 91.910164 | O66: =(H66)/2 -> 155.83684 | P66: =O66/F66*SIGN(B66) -> 103.80018 | Q66: =P66*C66/B66 -> 106.09638 | R66: =P66*D66/B66 -> 47.478419 | S66: =DEGREES(ATAN((ABS(C66))/(ABS(B66)))) -> 45.62677 | T66: =S66+180 -> 225.62677 | U66: =90-DEGREES(ACOS(ABS(D66/E66))) -> 17.738161 | V66: =U66 -> 17.738161 | X66: =SQRT(SUMSQ(B66,C66)) -> 221.66677 | Y66: =(ATAN2(B66,C66)) -> 0.79633737 | Z66: =(ATAN2(X66,D66)) -> 0.30958931 | AA66: =-Main!D66/2*SIN(ABS(Z66))+X66 -> 221.31641 | AB66: =Main!D66/2*COS(ABS(Z66))*SIGN(Z66)+D66 -> 72.000928 | AC66: =ATAN2(AA66,AB66) -> 0.31453059 | AD66: =SQRT(SUMSQ(AA66,AB66)) -> 232.73394 | AE66: =AE65 -> 75 | AF66: =(ASIN(AE66/AD66)) -> 0.32811208 | AG66: =DEGREES(AF66+ABS(AC66-Z66)) -> 19.082552 | AH66: =DEGREES(ATAN((Main!S66/2+Main!D66/2)/Main!C66)) -> 20.771794 | AI66: =A66 -> 64 | AJ66: =Main!S66*(G66-Main!T66)/G66/25 -> 1.7099035
A67: 65 | B67: =B47 -> 106.2709 | C67: =C47 -> 171.9591 | D67: =-D7 -> 71.3542 | E67: =SQRT((B67^2)+(C67^2)+(D67^2)) -> 214.37084 | F67: =SQRT((1)+((C67/B67)^2)+(D67/B67)^2) -> 2.0172111 | G67: =Main!C67 -> 62.832246 | H67: =E67+G67+Main!T67 -> 287.20309 | I67: =H67/F67*SIGN(B67) -> 142.37632 | J67: =I67*C67/B67 -> 230.38201 | K67: =I67*D67/B67 -> 95.596707 | L67: =(H67-Main!T67)/F67*SIGN(B67) -> 137.41898 | M67: =L67*C67/B67 -> 222.36043 | N67: =L67*D67/B67 -> 92.268167 | O67: =(H67)/2 -> 143.60154 | P67: =O67/F67*SIGN(B67) -> 71.188158 | Q67: =P67*C67/B67 -> 115.191 | R67: =P67*D67/B67 -> 47.798354 | S67: =DEGREES(ATAN((ABS(C67))/(ABS(B67)))) -> 58.283892 | T67: =S67+180 -> 238.28389 | U67: =90-DEGREES(ACOS(ABS(D67/E67))) -> 19.442096 | V67: =U67 -> 19.442096 | X67: =SQRT(SUMSQ(B67,C67)) -> 202.14707 | Y67: =(ATAN2(B67,C67)) -> 1.0172458 | Z67: =(ATAN2(X67,D67)) -> 0.33932858 | AA67: =-Main!D67/2*SIN(ABS(Z67))+X67 -> 201.76428 | AB67: =Main!D67/2*COS(ABS(Z67))*SIGN(Z67)+D67 -> 72.438625 | AC67: =ATAN2(AA67,AB67) -> 0.34469307 | AD67: =SQRT(SUMSQ(AA67,AB67)) -> 214.37393 | AE67: =AE66 -> 75 | AF67: =(ASIN(AE67/AD67)) -> 0.35741736 | AG67: =DEGREES(AF67+ABS(AC67-Z67)) -> 20.785869 | AH67: =DEGREES(ATAN((Main!S67/2+Main!D67/2)/Main!C67)) -> 22.596472 | AI67: =A67 -> 65 | AJ67: =Main!S67*(G67-Main!T67)/G67/25 -> 1.6816921
A68: 66 | B68: =B48 -> 56.74056 | C68: =C48 -> 177.7703 | D68: =-D8 -> 71.7895 | E68: =SQRT((B68^2)+(C68^2)+(D68^2)) -> 199.93875 | F68: =SQRT((1)+((C68/B68)^2)+(D68/B68)^2) -> 3.5237359 | G68: =Main!C68 -> 57.97763 | H68: =E68+G68+Main!T68 -> 267.91638 | I68: =H68/F68*SIGN(B68) -> 76.031912 | J68: =I68*C68/B68 -> 238.21083 | K68: =I68*D68/B68 -> 96.197376 | L68: =(H68-Main!T68)/F68*SIGN(B68) -> 73.194015 | M68: =L68*C68/B68 -> 229.31959 | N68: =L68*D68/B68 -> 92.606801 | O68: =(H68)/2 -> 133.95819 | P68: =O68/F68*SIGN(B68) -> 38.015956 | Q68: =P68*C68/B68 -> 119.10541 | R68: =P68*D68/B68 -> 48.098688 | S68: =DEGREES(ATAN((ABS(C68))/(ABS(B68)))) -> 72.298005 | T68: =S68+180 -> 252.29801 | U68: =90-DEGREES(ACOS(ABS(D68/E68))) -> 21.042323 | V68: =U68 -> 21.042323 | X68: =SQRT(SUMSQ(B68,C68)) -> 186.60592 | Y68: =(ATAN2(B68,C68)) -> 1.2618382 | Z68: =(ATAN2(X68,D68)) -> 0.36725782 | AA68: =-Main!D68/2*SIN(ABS(Z68))+X68 -> 186.19301 | AB68: =Main!D68/2*COS(ABS(Z68))*SIGN(Z68)+D68 -> 72.862813 | AC68: =ATAN2(AA68,AB68) -> 0.37300952 | AD68: =SQRT(SUMSQ(AA68,AB68)) -> 199.94206 | AE68: =AE67 -> 75 | AF68: =(ASIN(AE68/AD68)) -> 0.38451401 | AG68: =DEGREES(AF68+ABS(AC68-Z68)) -> 22.360578 | AH68: =DEGREES(ATAN((Main!S68/2+Main!D68/2)/Main!C68)) -> 24.27709 | AI68: =A68 -> 66 | AJ68: =Main!S68*(G68-Main!T68)/G68/25 -> 1.6550394
A69: 67 | B69: =B49 -> 7.351419 | C69: =C49 -> 176.2461 | D69: =-D9 -> 72.1241 | E69: =SQRT((B69^2)+(C69^2)+(D69^2)) -> 190.57444 | F69: =SQRT((1)+((C69/B69)^2)+(D69/B69)^2) -> 25.92349 | G69: =Main!C69 -> 54.797151 | H69: =E69+G69+Main!T69 -> 255.37159 | I69: =H69/F69*SIGN(B69) -> 9.8509725 | J69: =I69*C69/B69 -> 236.17148 | K69: =I69*D69/B69 -> 96.646991 | L69: =(H69-Main!T69)/F69*SIGN(B69) -> 9.465222 | M69: =L69*C69/B69 -> 226.92333 | N69: =L69*D69/B69 -> 92.862428 | O69: =(H69)/2 -> 127.6858 | P69: =O69/F69*SIGN(B69) -> 4.9254863 | Q69: =P69*C69/B69 -> 118.08574 | R69: =P69*D69/B69 -> 48.323496 | S69: =DEGREES(ATAN((ABS(C69))/(ABS(B69)))) -> 87.611514 | T69: =S69+180 -> 267.61151 | U69: =90-DEGREES(ACOS(ABS(D69/E69))) -> 22.238096 | V69: =U69 -> 22.238096 | X69: =SQRT(SUMSQ(B69,C69)) -> 176.39935 | Y69: =(ATAN2(B69,C69)) -> 1.5291094 | Z69: =(ATAN2(X69,D69)) -> 0.38812799 | AA69: =-Main!D69/2*SIN(ABS(Z69))+X69 -> 175.96413 | AB69: =Main!D69/2*COS(ABS(Z69))*SIGN(Z69)+D69 -> 73.188562 | AC69: =ATAN2(AA69,AB69) -> 0.39416231 | AD69: =SQRT(SUMSQ(AA69,AB69)) -> 190.57791 | AE69: =AE68 -> 75 | AF69: =(ASIN(AE69/AD69)) -> 0.40447899 | AG69: =DEGREES(AF69+ABS(AC69-Z69)) -> 23.520679 | AH69: =DEGREES(ATAN((Main!S69/2+Main!D69/2)/Main!C69)) -> 25.511157 | AI69: =A69 -> 67 | AJ69: =Main!S69*(G69-Main!T69)/G69/25 -> 1.6350175
A70: 68 | B70: =B50 -> -41.7583 | C70: =C50 -> 167.3279 | D70: =-D10 -> 72.2656 | E70: =SQRT((B70^2)+(C70^2)+(D70^2)) -> 186.9885 | F70: =SQRT((1)+((C70/B70)^2)+(D70/B70)^2) -> 4.4778762 | G70: =Main!C70 -> 53.571762 | H70: =E70+G70+Main!T70 -> 250.56026 | I70: =H70/F70*SIGN(B70) -> -55.955156 | J70: =I70*C70/B70 -> 224.21551 | K70: =I70*D70/B70 -> 96.834232 | L70: =(H70-Main!T70)/F70*SIGN(B70) -> -53.721954 | M70: =L70*C70/B70 -> 215.26695 | N70: =L70*D70/B70 -> 92.969523 | O70: =(H70)/2 -> 125.28013 | P70: =O70/F70*SIGN(B70) -> -27.977578 | Q70: =P70*C70/B70 -> 112.10776 | R70: =P70*D70/B70 -> 48.417116 | S70: =DEGREES(ATAN((ABS(C70))/(ABS(B70)))) -> 75.987503 | T70: =-S70 -> -75.987503 | U70: =90-DEGREES(ACOS(ABS(D70/E70))) -> 22.735081 | V70: =U70 -> 22.735081 | X70: =SQRT(SUMSQ(B70,C70)) -> 172.4598 | Y70: =(ATAN2(B70,C70)) -> 1.8153605 | Z70: =(ATAN2(X70,D70)) -> 0.39680203 | AA70: =-Main!D70/2*SIN(ABS(Z70))+X70 -> 172.01536 | AB70: =Main!D70/2*COS(ABS(Z70))*SIGN(Z70)+D70 -> 73.326247 | AC70: =ATAN2(AA70,AB70) -> 0.40295206 | AD70: =SQRT(SUMSQ(AA70,AB70)) -> 186.99204 | AE70: =AE69 -> 75 | AF70: =(ASIN(AE70/AD70)) -> 0.41270273 | AG70: =DEGREES(AF70+ABS(AC70-Z70)) -> 23.998496 | AH70: =DEGREES(ATAN((Main!S70/2+Main!D70/2)/Main!C70)) -> 26.018405 | AI70: =A70 -> 68 | AJ70: =Main!S70*(G70-Main!T70)/G70/25 -> 1.626669
A71: 69 | B71: =B51 -> -89.0623 | C71: =C51 -> 150.8126 | D71: =-D11 -> 72.1683 | E71: =SQRT((B71^2)+(C71^2)+(D71^2)) -> 189.43283 | F71: =SQRT((1)+((C71/B71)^2)+(D71/B71)^2) -> 2.1269699 | G71: =Main!C71 -> 54.407518 | H71: =E71+G71+Main!T71 -> 253.84035 | I71: =H71/F71*SIGN(B71) -> -119.34365 | J71: =I71*C71/B71 -> 202.08917 | K71: =I71*D71/B71 -> 96.705658 | L71: =(H71-Main!T71)/F71*SIGN(B71) -> -114.64213 | M71: =L71*C71/B71 -> 194.1279 | N71: =L71*D71/B71 -> 92.895954 | O71: =(H71)/2 -> 126.92017 | P71: =O71/F71*SIGN(B71) -> -59.671825 | Q71: =P71*C71/B71 -> 101.04458 | R71: =P71*D71/B71 -> 48.352829 | S71: =DEGREES(ATAN((ABS(C71))/(ABS(B71)))) -> 59.436048 | T71: =-S71 -> -59.436048 | U71: =90-DEGREES(ACOS(ABS(D71/E71))) -> 22.393804 | V71: =U71 -> 22.393804 | X71: =SQRT(SUMSQ(B71,C71)) -> 175.14718 | Y71: =(ATAN2(B71,C71)) -> 2.1042379 | Z71: =(ATAN2(X71,D71)) -> 0.39084561 | AA71: =-Main!D71/2*SIN(ABS(Z71))+X71 -> 174.70906 | AB71: =Main!D71/2*COS(ABS(Z71))*SIGN(Z71)+D71 -> 73.231575 | AC71: =ATAN2(AA71,AB71) -> 0.39691629 | AD71: =SQRT(SUMSQ(AA71,AB71)) -> 189.43632 | AE71: =AE70 -> 75 | AF71: =(ASIN(AE71/AD71)) -> 0.40706014 | AG71: =DEGREES(AF71+ABS(AC71-Z71)) -> 23.670652 | AH71: =DEGREES(ATAN((Main!S71/2+Main!D71/2)/Main!C71)) -> 25.670434 | AI71: =A71 -> 69 | AJ71: =Main!S71*(G71-Main!T71)/G71/25 -> 1.6324037
A72: 70 | B72: =B52 -> -132.361 | C72: =C52 -> 126.955 | D72: =-D12 -> 71.8898 | E72: =SQRT((B72^2)+(C72^2)+(D72^2)) -> 196.99023 | F72: =SQRT((1)+((C72/B72)^2)+(D72/B72)^2) -> 1.48828 | G72: =Main!C72 -> 56.97906 | H72: =E72+G72+Main!T72 -> 263.96929 | I72: =H72/F72*SIGN(B72) -> -177.36534 | J72: =I72*C72/B72 -> 170.12124 | K72: =I72*D72/B72 -> 96.333201 | L72: =(H72-Main!T72)/F72*SIGN(B72) -> -170.64617 | M72: =L72*C72/B72 -> 163.6765 | N72: =L72*D72/B72 -> 92.683792 | O72: =(H72)/2 -> 131.98464 | P72: =O72/F72*SIGN(B72) -> -88.68267 | Q72: =P72*C72/B72 -> 85.060618 | R72: =P72*D72/B72 -> 48.166601 | S72: =DEGREES(ATAN((ABS(C72))/(ABS(B72)))) -> 43.805719 | T72: =-S72 -> -43.805719 | U72: =90-DEGREES(ACOS(ABS(D72/E72))) -> 21.403948 | V72: =U72 -> 21.403948 | X72: =SQRT(SUMSQ(B72,C72)) -> 183.40394 | Y72: =(ATAN2(B72,C72)) -> 2.3770386 | Z72: =(ATAN2(X72,D72)) -> 0.37356937 | AA72: =-Main!D72/2*SIN(ABS(Z72))+X72 -> 182.98426 | AB72: =Main!D72/2*COS(ABS(Z72))*SIGN(Z72)+D72 -> 72.960485 | AC72: =ATAN2(AA72,AB72) -> 0.37940716 | AD72: =SQRT(SUMSQ(AA72,AB72)) -> 196.99358 | AE72: =AE71 -> 75 | AF72: =(ASIN(AE72/AD72)) -> 0.39057812 | AG72: =DEGREES(AF72+ABS(AC72-Z72)) -> 22.712958 | AH72: =DEGREES(ATAN((Main!S72/2+Main!D72/2)/Main!C72)) -> 24.652309 | AI72: =A72 -> 70 | AJ72: =Main!S72*(G72-Main!T72)/G72/25 -> 1.6489939
A73: 71 | B73: =B53 -> -170.499 | C73: =C53 -> 95.57272 | D73: =-D13 -> 71.5318 | E73: =SQRT((B73^2)+(C73^2)+(D73^2)) -> 208.13662 | F73: =SQRT((1)+((C73/B73)^2)+(D73/B73)^2) -> 1.2207498 | G73: =Main!C73 -> 60.741525 | H73: =E73+G73+Main!T73 -> 278.87814 | I73: =H73/F73*SIGN(B73) -> -228.44824 | J73: =I73*C73/B73 -> 128.056 | K73: =I73*D73/B73 -> 95.844046 | L73: =(H73-Main!T73)/F73*SIGN(B73) -> -220.25655 | M73: =L73*C73/B73 -> 123.46417 | N73: =L73*D73/B73 -> 92.407274 | O73: =(H73)/2 -> 139.43907 | P73: =O73/F73*SIGN(B73) -> -114.22412 | Q73: =P73*C73/B73 -> 64.028 | R73: =P73*D73/B73 -> 47.922023 | S73: =DEGREES(ATAN((ABS(C73))/(ABS(B73)))) -> 29.272684 | T73: =-S73 -> -29.272684 | U73: =90-DEGREES(ACOS(ABS(D73/E73))) -> 20.101065 | V73: =U73 -> 20.101065 | X73: =SQRT(SUMSQ(B73,C73)) -> 195.45857 | Y73: =(ATAN2(B73,C73)) -> 2.6306879 | Z73: =(ATAN2(X73,D73)) -> 0.35082977 | AA73: =-Main!D73/2*SIN(ABS(Z73))+X73 -> 195.06334 | AB73: =Main!D73/2*COS(ABS(Z73))*SIGN(Z73)+D73 -> 72.611751 | AC73: =ATAN2(AA73,AB73) -> 0.35635493 | AD73: =SQRT(SUMSQ(AA73,AB73)) -> 208.1398 | AE73: =AE72 -> 75 | AF73: =(ASIN(AE73/AD73)) -> 0.36862672 | AG73: =DEGREES(AF73+ABS(AC73-Z73)) -> 21.437324 | AH73: =DEGREES(ATAN((Main!S73/2+Main!D73/2)/Main!C73)) -> 23.292494 | AI73: =A73 -> 71 | AJ73: =Main!S73*(G73-Main!T73)/G73/25 -> 1.670736
A74: 72 | B74: =B54 -> -201.258 | C74: =C54 -> 56.97774 | D74: =-D14 -> 71.1818 | E74: =SQRT((B74^2)+(C74^2)+(D74^2)) -> 220.94817 | F74: =SQRT((1)+((C74/B74)^2)+(D74/B74)^2) -> 1.0978355 | G74: =Main!C74 -> 65.028733 | H74: =E74+G74+Main!T74 -> 295.9769 | I74: =H74/F74*SIGN(B74) -> -269.60042 | J74: =I74*C74/B74 -> 76.326023 | K74: =I74*D74/B74 -> 95.353443 | L74: =(H74-Main!T74)/F74*SIGN(B74) -> -260.49159 | M74: =L74*C74/B74 -> 73.74724 | N74: =L74*D74/B74 -> 92.131791 | O74: =(H74)/2 -> 147.98845 | P74: =O74/F74*SIGN(B74) -> -134.80021 | Q74: =P74*C74/B74 -> 38.163011 | R74: =P74*D74/B74 -> 47.676721 | S74: =DEGREES(ATAN((ABS(C74))/(ABS(B74)))) -> 15.807239 | T74: =-S74 -> -15.807239 | U74: =90-DEGREES(ACOS(ABS(D74/E74))) -> 18.793914 | V74: =U74 -> 18.793914 | X74: =SQRT(SUMSQ(B74,C74)) -> 209.16798 | Y74: =(ATAN2(B74,C74)) -> 2.8657043 | Z74: =(ATAN2(X74,D74)) -> 0.32801569 | AA74: =-Main!D74/2*SIN(ABS(Z74))+X74 -> 208.79749 | AB74: =Main!D74/2*COS(ABS(Z74))*SIGN(Z74)+D74 -> 72.270486 | AC74: =ATAN2(AA74,AB74) -> 0.33322048 | AD74: =SQRT(SUMSQ(AA74,AB74)) -> 220.95116 | AE74: =AE73 -> 75 | AF74: =(ASIN(AE74/AD74)) -> 0.34632311 | AG74: =DEGREES(AF74+ABS(AC74-Z74)) -> 20.141065 | AH74: =DEGREES(ATAN((Main!S74/2+Main!D74/2)/Main!C74)) -> 21.906536 | AI74: =A74 -> 72 | AJ74: =Main!S74*(G74-Main!T74)/G74/25 -> 1.6924436
A75: 73 | B75: =B55 -> -221.948 | C75: =C55 -> 12.56229 | D75: =-D15 -> 70.8925 | E75: =SQRT((B75^2)+(C75^2)+(D75^2)) -> 233.33339 | F75: =SQRT((1)+((C75/B75)^2)+(D75/B75)^2) -> 1.0512976 | G75: =Main!C75 -> 69.141984 | H75: =E75+G75+Main!T75 -> 312.47538 | I75: =H75/F75*SIGN(B75) -> -297.22829 | J75: =I75*C75/B75 -> 16.823166 | K75: =I75*D75/B75 -> 94.937807 | L75: =(H75-Main!T75)/F75*SIGN(B75) -> -287.71623 | M75: =L75*C75/B75 -> 16.284782 | N75: =L75*D75/B75 -> 91.899558 | O75: =(H75)/2 -> 156.23769 | P75: =O75/F75*SIGN(B75) -> -148.61414 | Q75: =P75*C75/B75 -> 8.4115828 | R75: =P75*D75/B75 -> 47.468904 | S75: =DEGREES(ATAN((ABS(C75))/(ABS(B75)))) -> 3.2394933 | T75: =-S75 -> -3.2394933 | U75: =90-DEGREES(ACOS(ABS(D75/E75))) -> 17.687482 | V75: =U75 -> 17.687482 | X75: =SQRT(SUMSQ(B75,C75)) -> 222.30323 | Y75: =(ATAN2(B75,C75)) -> 3.0850528 | Z75: =(ATAN2(X75,D75)) -> 0.3087048 | AA75: =-Main!D75/2*SIN(ABS(Z75))+X75 -> 221.95383 | AB75: =Main!D75/2*COS(ABS(Z75))*SIGN(Z75)+D75 -> 71.988137 | AC75: =ATAN2(AA75,AB75) -> 0.31363333 | AD75: =SQRT(SUMSQ(AA75,AB75)) -> 233.33623 | AE75: =AE74 -> 75 | AF75: =(ASIN(AE75/AD75)) -> 0.32723352 | AG75: =DEGREES(AF75+ABS(AC75-Z75)) -> 19.031484 | AH75: =DEGREES(ATAN((Main!S75/2+Main!D75/2)/Main!C75)) -> 20.716982 | AI75: =A75 -> 73 | AJ75: =Main!S75*(G75-Main!T75)/G75/25 -> 1.7107401
A76: 74 | B76: =B56 -> -230.423 | C76: =C56 -> -35.1111 | D76: =-D16 -> 70.7108 | E76: =SQRT((B76^2)+(C76^2)+(D76^2)) -> 243.57251 | F76: =SQRT((1)+((C76/B76)^2)+(D76/B76)^2) -> 1.0570668 | G76: =Main!C76 -> 72.523027 | H76: =E76+G76+Main!T76 -> 326.09553 | I76: =H76/F76*SIGN(B76) -> -308.49094 | J76: =I76*C76/B76 -> -47.006836 | K76: =I76*D76/B76 -> 94.667811 | L76: =(H76-Main!T76)/F76*SIGN(B76) -> -299.0308 | M76: =L76*C76/B76 -> -45.565331 | N76: =L76*D76/B76 -> 91.764741 | O76: =(H76)/2 -> 163.04777 | P76: =O76/F76*SIGN(B76) -> -154.24547 | Q76: =P76*C76/B76 -> -23.503418 | R76: =P76*D76/B76 -> 47.333906 | S76: =DEGREES(ATAN((ABS(C76))/(ABS(B76)))) -> 8.6638982 | T76: =S76 -> 8.6638982 | U76: =90-DEGREES(ACOS(ABS(D76/E76))) -> 16.876336 | V76: =U76 -> 16.876336 | X76: =SQRT(SUMSQ(B76,C76)) -> 233.08271 | Y76: =(ATAN2(B76,C76)) -> -2.9903791 | Z76: =(ATAN2(X76,D76)) -> 0.29454762 | AA76: =-Main!D76/2*SIN(ABS(Z76))+X76 -> 232.74885 | AB76: =Main!D76/2*COS(ABS(Z76))*SIGN(Z76)+D76 -> 71.811274 | AC76: =ATAN2(AA76,AB76) -> 0.29926898 | AD76: =SQRT(SUMSQ(AA76,AB76)) -> 243.57522 | AE76: =AE75 -> 75 | AF76: =(ASIN(AE76/AD76)) -> 0.31299878 | AG76: =DEGREES(AF76+ABS(AC76-Z76)) -> 18.204022 | AH76: =DEGREES(ATAN((Main!S76/2+Main!D76/2)/Main!C76)) -> 19.828043 | AI76: =A76 -> 74 | AJ76: =Main!S76*(G76-Main!T76)/G76/25 -> 1.7242255
A77: 75 | B77: =B57 -> -225.927 | C77: =C57 -> -82.9365 | D77: =-D17 -> 70.5931 | E77: =SQRT((B77^2)+(C77^2)+(D77^2)) -> 250.80841 | F77: =SQRT((1)+((C77/B77)^2)+(D77/B77)^2) -> 1.1101303 | G77: =Main!C77 -> 74.903158 | H77: =E77+G77+Main!T77 -> 335.71157 | I77: =H77/F77*SIGN(B77) -> -302.40735 | J77: =I77*C77/B77 -> -111.012 | K77: =I77*D77/B77 -> 94.490134 | L77: =(H77-Main!T77)/F77*SIGN(B77) -> -293.3994 | M77: =L77*C77/B77 -> -107.70523 | N77: =L77*D77/B77 -> 91.675512 | O77: =(H77)/2 -> 167.85578 | P77: =O77/F77*SIGN(B77) -> -151.20368 | Q77: =P77*C77/B77 -> -55.505999 | R77: =P77*D77/B77 -> 47.245067 | S77: =DEGREES(ATAN((ABS(C77))/(ABS(B77)))) -> 20.157895 | T77: =S77 -> 20.157895 | U77: =90-DEGREES(ACOS(ABS(D77/E77))) -> 16.347496 | V77: =U77 -> 16.347496 | X77: =SQRT(SUMSQ(B77,C77)) -> 240.6688 | Y77: =(ATAN2(B77,C77)) -> -2.789771 | Z77: =(ATAN2(X77,D77)) -> 0.28531763 | AA77: =-Main!D77/2*SIN(ABS(Z77))+X77 -> 240.34512 | AB77: =Main!D77/2*COS(ABS(Z77))*SIGN(Z77)+D77 -> 71.696608 | AC77: =ATAN2(AA77,AB77) -> 0.28990277 | AD77: =SQRT(SUMSQ(AA77,AB77)) -> 250.81105 | AE77: =AE76 -> 75 | AF77: =(ASIN(AE77/AD77)) -> 0.30367587 | AG77: =DEGREES(AF77+ABS(AC77-Z77)) -> 17.662055 | AH77: =DEGREES(ATAN((Main!S77/2+Main!D77/2)/Main!C77)) -> 19.244986 | AI77: =A77 -> 75 | AJ77: =Main!S77*(G77-Main!T77)/G77/25 -> 1.7329886
A78: 76 | B78: =B58 -> -209.229 | C78: =C58 -> -127.899 | D78: =-D18 -> 70.5263 | E78: =SQRT((B78^2)+(C78^2)+(D78^2)) -> 255.16443 | F78: =SQRT((1)+((C78/B78)^2)+(D78/B78)^2) -> 1.2195462 | G78: =Main!C78 -> 76.332661 | H78: =E78+G78+Main!T78 -> 341.49709 | I78: =H78/F78*SIGN(B78) -> -280.01981 | J78: =I78*C78/B78 -> -171.17251 | K78: =I78*D78/B78 -> 94.388259 | L78: =(H78-Main!T78)/F78*SIGN(B78) -> -271.82004 | M78: =L78*C78/B78 -> -166.1601 | N78: =L78*D78/B78 -> 91.624304 | O78: =(H78)/2 -> 170.74855 | P78: =O78/F78*SIGN(B78) -> -140.0099 | Q78: =P78*C78/B78 -> -85.586256 | R78: =P78*D78/B78 -> 47.194129 | S78: =DEGREES(ATAN((ABS(C78))/(ABS(B78)))) -> 31.436909 | T78: =S78 -> 31.436909 | U78: =90-DEGREES(ACOS(ABS(D78/E78))) -> 16.045194 | V78: =U78 -> 16.045194 | X78: =SQRT(SUMSQ(B78,C78)) -> 245.22424 | Y78: =(ATAN2(B78,C78)) -> -2.5929151 | Z78: =(ATAN2(X78,D78)) -> 0.28004146 | AA78: =-Main!D78/2*SIN(ABS(Z78))+X78 -> 244.90639 | AB78: =Main!D78/2*COS(ABS(Z78))*SIGN(Z78)+D78 -> 71.631501 | AC78: =ATAN2(AA78,AB78) -> 0.28454833 | AD78: =SQRT(SUMSQ(AA78,AB78)) -> 255.16702 | AE78: =AE77 -> 75 | AF78: =(ASIN(AE78/AD78)) -> 0.29833078 | AG78: =DEGREES(AF78+ABS(AC78-Z78)) -> 17.351319 | AH78: =DEGREES(ATAN((Main!S78/2+Main!D78/2)/Main!C78)) -> 18.910405 | AI78: =A78 -> 76 | AJ78: =Main!S78*(G78-Main!T78)/G78/25 -> 1.737989
A79: 77 | B79: =B59 -> -182.273 | C79: =C59 -> -167.656 | D79: =-D19 -> 70.4918 | E79: =SQRT((B79^2)+(C79^2)+(D79^2)) -> 257.48995 | F79: =SQRT((1)+((C79/B79)^2)+(D79/B79)^2) -> 1.412661 | G79: =Main!C79 -> 77.094853 | H79: =E79+G79+Main!T79 -> 344.5848 | I79: =H79/F79*SIGN(B79) -> -243.92605 | J79: =I79*C79/B79 -> -224.36491 | K79: =I79*D79/B79 -> 94.335344 | L79: =(H79-Main!T79)/F79*SIGN(B79) -> -236.84721 | M79: =L79*C79/B79 -> -217.85374 | N79: =L79*D79/B79 -> 91.597692 | O79: =(H79)/2 -> 172.2924 | P79: =O79/F79*SIGN(B79) -> -121.96302 | Q79: =P79*C79/B79 -> -112.18246 | R79: =P79*D79/B79 -> 47.167672 | S79: =DEGREES(ATAN((ABS(C79))/(ABS(B79)))) -> 42.60807 | T79: =S79 -> 42.60807 | U79: =90-DEGREES(ACOS(ABS(D79/E79))) -> 15.888444 | V79: =U79 -> 15.888444 | X79: =SQRT(SUMSQ(B79,C79)) -> 247.65294 | Y79: =(ATAN2(B79,C79)) -> -2.3979416 | Z79: =(ATAN2(X79,D79)) -> 0.27730567 | AA79: =-Main!D79/2*SIN(ABS(Z79))+X79 -> 247.33811 | AB79: =Main!D79/2*COS(ABS(Z79))*SIGN(Z79)+D79 -> 71.597866 | AC79: =ATAN2(AA79,AB79) -> 0.28177183 | AD79: =SQRT(SUMSQ(AA79,AB79)) -> 257.49252 | AE79: =AE78 -> 75 | AF79: =(ASIN(AE79/AD79)) -> 0.29555476 | AG79: =DEGREES(AF79+ABS(AC79-Z79)) -> 17.189933 | AH79: =DEGREES(ATAN((Main!S79/2+Main!D79/2)/Main!C79)) -> 18.736554 | AI79: =A79 -> 77 | AJ79: =Main!S79*(G79-Main!T79)/G79/25 -> 1.7405793
A80: 78 | B80: =B60 -> -147.473 | C80: =C60 -> -200.839 | D80: =-D20 -> 70.4707 | E80: =SQRT((B80^2)+(C80^2)+(D80^2)) -> 258.94152 | F80: =SQRT((1)+((C80/B80)^2)+(D80/B80)^2) -> 1.7558571 | G80: =Main!C80 -> 77.570277 | H80: =E80+G80+Main!T80 -> 346.51179 | I80: =H80/F80*SIGN(B80) -> -197.34624 | J80: =I80*C80/B80 -> -268.75985 | K80: =I80*D80/B80 -> 94.302872 | L80: =(H80-Main!T80)/F80*SIGN(B80) -> -191.65101 | M80: =L80*C80/B80 -> -261.00369 | N80: =L80*D80/B80 -> 91.581381 | O80: =(H80)/2 -> 173.2559 | P80: =O80/F80*SIGN(B80) -> -98.673118 | Q80: =P80*C80/B80 -> -134.37992 | R80: =P80*D80/B80 -> 47.151436 | S80: =DEGREES(ATAN((ABS(C80))/(ABS(B80)))) -> 53.710732 | T80: =S80 -> 53.710732 | U80: =90-DEGREES(ACOS(ABS(D80/E80))) -> 15.792191 | V80: =U80 -> 15.792191 | X80: =SQRT(SUMSQ(B80,C80)) -> 249.16779 | Y80: =(ATAN2(B80,C80)) -> -2.2041635 | Z80: =(ATAN2(X80,D80)) -> 0.27562572 | AA80: =-Main!D80/2*SIN(ABS(Z80))+X80 -> 248.85482 | AB80: =Main!D80/2*COS(ABS(Z80))*SIGN(Z80)+D80 -> 71.577293 | AC80: =ATAN2(AA80,AB80) -> 0.28006685 | AD80: =SQRT(SUMSQ(AA80,AB80)) -> 258.94407 | AE80: =AE79 -> 75 | AF80: =(ASIN(AE80/AD80)) -> 0.29384843 | AG80: =DEGREES(AF80+ABS(AC80-Z80)) -> 17.090733 | AH80: =DEGREES(ATAN((Main!S80/2+Main!D80/2)/Main!C80)) -> 18.629664 | AI80: =A80 -> 78 | AJ80: =Main!S80*(G80-Main!T80)/G80/25 -> 1.7421693
A81: 79 | B81: =B61 -> -107.125 | C81: =C61 -> -226.898 | D81: =-D21 -> 70.4467 | E81: =SQRT((B81^2)+(C81^2)+(D81^2)) -> 260.61697 | F81: =SQRT((1)+((C81/B81)^2)+(D81/B81)^2) -> 2.4328305 | G81: =Main!C81 -> 78.118722 | H81: =E81+G81+Main!T81 -> 348.73569 | I81: =H81/F81*SIGN(B81) -> -143.34566 | J81: =I81*C81/B81 -> -303.6158 | K81: =I81*D81/B81 -> 94.265844 | L81: =(H81-Main!T81)/F81*SIGN(B81) -> -139.23522 | M81: =L81*C81/B81 -> -294.90962 | N81: =L81*D81/B81 -> 91.56277 | O81: =(H81)/2 -> 174.36785 | P81: =O81/F81*SIGN(B81) -> -71.672829 | Q81: =P81*C81/B81 -> -151.8079 | R81: =P81*D81/B81 -> 47.132922 | S81: =DEGREES(ATAN((ABS(C81))/(ABS(B81)))) -> 64.726671 | T81: =S81 -> 64.726671 | U81: =90-DEGREES(ACOS(ABS(D81/E81))) -> 15.682561 | V81: =U81 -> 15.682561 | X81: =SQRT(SUMSQ(B81,C81)) -> 250.91526 | Y81: =(ATAN2(B81,C81)) -> -2.0118991 | Z81: =(ATAN2(X81,D81)) -> 0.27371232 | AA81: =-Main!D81/2*SIN(ABS(Z81))+X81 -> 250.60441 | AB81: =Main!D81/2*COS(ABS(Z81))*SIGN(Z81)+D81 -> 71.55389 | AC81: =ATAN2(AA81,AB81) -> 0.2781249 | AD81: =SQRT(SUMSQ(AA81,AB81)) -> 260.61951 | AE81: =AE80 -> 75 | AF81: =(ASIN(AE81/AD81)) -> 0.29190363 | AG81: =DEGREES(AF81+ABS(AC81-Z81)) -> 16.977668 | AH81: =DEGREES(ATAN((Main!S81/2+Main!D81/2)/Main!C81)) -> 18.50781 | AI81: =A81 -> 79 | AJ81: =Main!S81*(G81-Main!T81)/G81/25 -> 1.7439794
A82: 80 | B82: =B62 -> -63.1068 | C82: =C62 -> -245.785 | D82: =-D22 -> 70.4085 | E82: =SQRT((B82^2)+(C82^2)+(D82^2)) -> 263.34405 | F82: =SQRT((1)+((C82/B82)^2)+(D82/B82)^2) -> 4.1729902 | G82: =Main!C82 -> 79.010721 | H82: =E82+G82+Main!T82 -> 352.35478 | I82: =H82/F82*SIGN(B82) -> -84.437001 | J82: =I82*C82/B82 -> -328.86073 | K82: =I82*D82/B82 -> 94.206688 | L82: =(H82-Main!T82)/F82*SIGN(B82) -> -82.040638 | M82: =L82*C82/B82 -> -319.5275 | N82: =L82*D82/B82 -> 91.533056 | O82: =(H82)/2 -> 176.17739 | P82: =O82/F82*SIGN(B82) -> -42.218501 | Q82: =P82*C82/B82 -> -164.43037 | R82: =P82*D82/B82 -> 47.103344 | S82: =DEGREES(ATAN((ABS(C82))/(ABS(B82)))) -> 75.600014 | T82: =S82 -> 75.600014 | U82: =90-DEGREES(ACOS(ABS(D82/E82))) -> 15.50742 | V82: =U82 -> 15.50742 | X82: =SQRT(SUMSQ(B82,C82)) -> 253.75724 | Y82: =(ATAN2(B82,C82)) -> -1.8221235 | Z82: =(ATAN2(X82,D82)) -> 0.27065554 | AA82: =-Main!D82/2*SIN(ABS(Z82))+X82 -> 253.44977 | AB82: =Main!D82/2*COS(ABS(Z82))*SIGN(Z82)+D82 -> 71.516635 | AC82: =ATAN2(AA82,AB82) -> 0.27502242 | AD82: =SQRT(SUMSQ(AA82,AB82)) -> 263.34657 | AE82: =AE81 -> 75 | AF82: =(ASIN(AE82/AD82)) -> 0.28879342 | AG82: =DEGREES(AF82+ABS(AC82-Z82)) -> 16.796848 | AH82: =DEGREES(ATAN((Main!S82/2+Main!D82/2)/Main!C82)) -> 18.312878 | AI82: =A82 -> 80 | AJ82: =Main!S82*(G82-Main!T82)/G82/25 -> 1.7468698

Sheet MDSL cloud import
C1: Solidwork Export
A2: Point # | B2: Point ID | C2: X | D2: Y | E2: Z | G2: ROI | H2: 150 | I2: mm
A3: 1 | B3: 0 | C3: 277.002 | D3: 70.37124 | E3: -70.0363 | G3: Pinhole | H3: 2.3 | I3: mm
A4: 2 | B4: 1 | C4: 242.8831 | D4: 107.2608 | E4: -70.2602 | G4: Ellipse factor | H4: 105 | I4: %
A5: 3 | B5: 3 | C5: 201.3326 | D5: 136.87 | E5: -70.5519
A6: 4 | B6: 5 | C6: 155.0181 | D6: 158.4473 | E6: -70.9056 | G6: Opening | H6: 42.6 | J6: cm
A7: 5 | B7: 7 | C7: 106.2709 | D7: 171.9591 | E7: -71.3542 | G7: Angle | H7: 118.65 | J7: degrees
A8: 6 | B8: 9 | C8: 56.74056 | D8: 177.7703 | E8: -71.7895
A9: 7 | B9: 11 | C9: 7.351419 | D9: 176.2461 | E9: -72.1241
A10: 8 | B10: 13 | C10: -41.7583 | D10: 167.3279 | E10: -72.2656
A11: 9 | B11: 15 | C11: -89.0623 | D11: 150.8126 | E11: -72.1683
A12: 10 | B12: 17 | C12: -132.361 | D12: 126.955 | E12: -71.8898
A13: 11 | B13: 19 | C13: -170.499 | D13: 95.57272 | E13: -71.5318
A14: 12 | B14: 21 | C14: -201.258 | D14: 56.97774 | E14: -71.1818
A15: 13 | B15: 23 | C15: -221.948 | D15: 12.56229 | E15: -70.8925
A16: 14 | B16: 25 | C16: -230.423 | D16: -35.1111 | E16: -70.7108
A17: 15 | B17: 27 | C17: -225.927 | D17: -82.9365 | E17: -70.5931
A18: 16 | B18: 29 | C18: -209.229 | D18: -127.899 | E18: -70.5263
A19: 17 | B19: 31 | C19: -182.273 | D19: -167.656 | E19: -70.4918
... A42: 40 | B42: 78 | C42: -63.1068 | D42: -245.785 | E42: -23.5656

Sheet Theta
B1: xd1 | C1: yd1 | D1: dslope1 | E1: xd2 | F1: yd2 | G1: tcalc1 | H1: tcalc2 | I1: tcalc3 | J1: theta
A2: 1 | B2: =Main!B3-Main!Q3 -> 289.96242 | C2: 0 | D2: =(1/(90/B2)) -> 3.2218046 | E2: =SQRT((8100)/((D2^2)+1)) -> 26.679083 | F2: =D2*E2 -> 85.954793 | G2: =(F2-C2)/(E2-B2) -> -0.3264726 | H2: =(-(G2*E2))+F2 -> 94.664783 | I2: =H2/B2 -> 0.3264726 | J2: 18.407 | L2: N.B. This sheet is no longer used to calculate theta
A3: 2 | B3: =Main!B4-Main!Q4 -> 270.66406 | C3: 0 | D3: =(1/(90/B3)) -> 3.0073785 | E3: =SQRT((8100)/((D3^2)+1)) -> 28.397632 | F3: =D3*E3 -> 85.402427 | G3: =(F3-C3)/(E3-B3) -> -0.35251449 | H3: =(-(G3*E3))+F3 -> 95.413003 | I3: =H3/B3 -> 0.35251449 | J3: 19.7191 | L3: Theta is calculated purely based on pinhole location and ROI radius
A4: 3 | B4: =Main!B5-Main!Q5 -> 249.81375 | C4: 0 | D4: =(1/(90/B4)) -> 2.7757083 | E4: =SQRT((8100)/((D4^2)+1)) -> 30.50487 | F4: =D4*E4 -> 84.672622 | G4: =(F4-C4)/(E4-B4) -> -0.38608844 | H4: =(-(G4*E4))+F4 -> 96.4502 | I4: =H4/B4 -> 0.38608844 | J4: 21.4399
A5: 4 | B5: =Main!B6-Main!Q6 -> 229.40682 | C5: 0 | D5: =(1/(90/B5)) -> 2.5489647 | E5: =SQRT((8100)/((D5^2)+1)) -> 32.869444 | F5: =D5*E5 -> 83.783051 | G5: =(F5-C5)/(E5-B5) -> -0.42629577 | H5: =(-(G5*E5))+F5 -> 97.795156 | I5: =H5/B5 -> 0.42629577 | J5: 23.5258
A6: 5 | B6: =Main!B7-Main!Q7 -> 211.3412 | C6: 0 | D6: =(1/(90/B6)) -> 2.3482355 | E6: =SQRT((8100)/((D6^2)+1)) -> 35.262381 | F6: =D6*E6 -> 82.804375 | G6: =(F6-C6)/(E6-B6) -> -0.47026881 | H6: =(-(G6*E6))+F6 -> 99.387173 | I6: =H6/B6 -> 0.47026881 | J6: 25.8431
A7: 6 | B7: =Main!B8-Main!Q8 -> 197.14318 | C7: 0 | D7: =(1/(90/B7)) -> 2.1904798 | E7: =SQRT((8100)/((D7^2)+1)) -> 37.376261 | F7: =D7*E7 -> 81.871944 | G7: =(F7-C7)/(E7-B7) -> -0.51244615 | H7: =(-(G7*E7))+F7 -> 101.02526 | I7: =H7/B7 -> 0.51244615 | J7: 28.1321
A8: 7 | B8: =Main!B9-Main!Q9 -> 187.93223 | C8: 0 | D8: =(1/(90/B8)) -> 2.0881359 | E8: =SQRT((8100)/((D8^2)+1)) -> 38.87295 | F8: =D8*E8 -> 81.172001 | G8: =(F8-C8)/(E8-B8) -> -0.54456188 | H8: =(-(G8*E8))+F8 -> 102.34073 | I8: =H8/B8 -> 0.54456188 | J8: 30.0039
A9: 8 | B9: =Main!B10-Main!Q10 -> 184.40537 | C9: 0 | D9: =(1/(90/B9)) -> 2.0489486 | E9: =SQRT((8100)/((D9^2)+1)) -> 39.47448 | F9: =D9*E9 -> 80.881181 | G9: =(F9-C9)/(E9-B9) -> -0.55806722 | H9: =(-(G9*E9))+F9 -> 102.91059 | I9: =H9/B9 -> 0.55806722 | J9: 31.0208
A10: 9 | B10: =Main!B11-Main!Q11 -> 186.80941 | C10: 0 | D10: =(1/(90/B10)) -> 2.0756601 | E10: =SQRT((8100)/((D10^2)+1)) -> 39.062689 | F10: =D10*E10 -> 81.080863 | G10: =(F10-C10)/(E10-B10) -> -0.54878284 | H10: =(-(G10*E10))+F10 -> 102.5178 | I10: =H10/B10 -> 0.54878284 | J10: 30.8978
A11: 10 | B11: =Main!B12-Main!Q12 -> 194.24281 | C11: 0 | D11: =(1/(90/B11)) -> 2.1582534 | E11: =SQRT((8100)/((D11^2)+1)) -> 37.836314 | F11: =D11*E11 -> 81.660354 | G11: =(F11-C11)/(E11-B11) -> -0.52210334 | H11: =(-(G11*E11))+F11 -> 101.41482 | I11: =H11/B11 -> 0.52210334 | J11: 29.7587
A12: 11 | B12: =Main!B13-Main!Q13 -> 205.20778 | C12: 0 | D12: =(1/(90/B12)) -> 2.2800865 | E12: =SQRT((8100)/((D12^2)+1)) -> 36.148385 | F12: =D12*E12 -> 82.421443 | G12: =(F12-C12)/(E12-B12) -> -0.4875295 | H12: =(-(G12*E12))+F12 -> 100.04485 | I12: =H12/B12 -> 0.4875295 | J12: 28.0741
A13: 12 | B13: =Main!B14-Main!Q14 -> 217.81261 | C13: 0 | D13: =(1/(90/B13)) -> 2.4201401 | E13: =SQRT((8100)/((D13^2)+1)) -> 34.369479 | F13: =D13*E13 -> 83.178957 | G13: =(F13-C13)/(E13-B13) -> -0.45343184 | H13: =(-(G13*E13))+F13 -> 98.763173 | I13: =H13/B13 -> 0.45343184 | J13: 26.2463
A14: 13 | B14: =Main!B15-Main!Q15 -> 229.9995 | C14: 0 | D14: =(1/(90/B14)) -> 2.55555 | E14: =SQRT((8100)/((D14^2)+1)) -> 32.796003 | F14: =D14*E14 -> 83.811826 | G14: =(F14-C14)/(E14-B14) -> -0.42500172 | H14: =(-(G14*E14))+F14 -> 97.750184 | I14: =H14/B14 -> 0.42500172 | J14: 24.6328
A15: 14 | B15: =Main!B16-Main!Q16 -> 240.07559 | C15: 0 | D15: =(1/(90/B15)) -> 2.6675065 | E15: =SQRT((8100)/((D15^2)+1)) -> 31.592386 | F15: =D15*E15 -> 84.272897 | G15: =(F15-C15)/(E15-B15) -> -0.40421912 | H15: =(-(G15*E15))+F15 -> 97.043143 | I15: =H15/B15 -> 0.40421912 | J15: 23.399
A16: 15 | B16: =Main!B17-Main!Q17 -> 247.19673 | C16: 0 | D16: =(1/(90/B16)) -> 2.7466303 | E16: =SQRT((8100)/((D16^2)+1)) -> 30.790196 | F16: =D16*E16 -> 84.569284 | G16: =(F16-C16)/(E16-B16) -> -0.39078897 | H16: =(-(G16*E16))+F16 -> 96.601753 | I16: =H16/B16 -> 0.39078897
A17: 16 | B17: =Main!B18-Main!Q18 -> 251.48382 | C17: 0 | D17: =(1/(90/B17)) -> 2.7942647 | E17: =SQRT((8100)/((D17^2)+1)) -> 30.325359 | F17: =D17*E17 -> 84.737079 | G17: =(F17-C17)/(E17-B17) -> -0.38315097 | H17: =(-(G17*E17))+F17 -> 96.35627 | I17: =H17/B17 -> 0.38315097
A18: 17 | B18: =Main!B19-Main!Q19 -> 253.77259 | C18: 0 | D18: =(1/(90/B18)) -> 2.8196954 | E18: =SQRT((8100)/((D18^2)+1)) -> 30.082535 | F18: =D18*E18 -> 84.823588 | G18: =(F18-C18)/(E18-B18) -> -0.37920143 | H18: =(-(G18*E18))+F18 -> 96.230928 | I18: =H18/B18 -> 0.37920143
A19: 18 | B19: =Main!B20-Main!Q20 -> 255.20123 | C19: 0 | D19: =(1/(90/B19)) -> 2.8355692 | E19: =SQRT((8100)/((D19^2)+1)) -> 29.932805 | F19: =D19*E19 -> 84.876541 | G19: =(F19-C19)/(E19-B19) -> -0.37677957 | H19: =(-(G19*E19))+F19 -> 96.15461 | I19: =H19/B19 -> 0.37677957
A20: 19 | B20: =Main!B21-Main!Q21 -> 256.85024 | C20: 0 | D20: =(1/(90/B20)) -> 2.8538916 | E20: =SQRT((8100)/((D20^2)+1)) -> 29.761708 | F20: =D20*E20 -> 84.936687 | G20: =(F20-C20)/(E20-B20) -> -0.37402455 | H20: =(-(G20*E20))+F20 -> 96.068296 | I20: =H20/B20 -> 0.37402455
A21: 20 | B21: =Main!B22-Main!Q22 -> 259.53431 | C21: 0 | D21: =(1/(90/B21)) -> 2.8837146 | E21: =SQRT((8100)/((D21^2)+1)) -> 29.487109 | F21: =D21*E21 -> 85.032408 | G21: =(F21-C21)/(E21-B21) -> -0.36963026 | H21: =(-(G21*E21))+F21 -> 95.931736 | I21: =H21/B21 -> 0.36963026
A22: 21 | B22: =Main!B23-Main!Q23 -> 282.58191 | C22: 0 | D22: =(1/(90/B22)) -> 3.139799 | E22: =SQRT((8100)/((D22^2)+1)) -> 27.312461 | F22: =D22*E22 -> 85.755638 | G22: =(F22-C22)/(E22-B22) -> -0.33594164 | H22: =(-(G22*E22))+F22 -> 94.931031 | I22: =H22/B22 -> 0.33594164
A23: 22 | B23: =Main!B24-Main!Q24 -> 262.69137 | C23: 0 | D23: =(1/(90/B23)) -> 2.918793 | E23: =SQRT((8100)/((D23^2)+1)) -> 29.17016 | F23: =D23*E23 -> 85.141657 | G23: =(F23-C23)/(E23-B23) -> -0.36459925 | H23: =(-(G23*E23))+F23 -> 95.777075 | I23: =H23/B23 -> 0.36459925
A24: 23 | B24: =Main!B25-Main!Q25 -> 241.08064 | C24: 0 | D24: =(1/(90/B24)) -> 2.6786738 | E24: =SQRT((8100)/((D24^2)+1)) -> 31.476819 | F24: =D24*E24 -> 84.316131 | G24: =(F24-C24)/(E24-B24) -> -0.40226428 | H24: =(-(G24*E24))+F24 -> 96.97813 | I24: =H24/B24 -> 0.40226428
A25: 24 | B25: =Main!B26-Main!Q26 -> 219.76855 | C25: 0 | D25: =(1/(90/B25)) -> 2.4418727 | E25: =SQRT((8100)/((D25^2)+1)) -> 34.107693 | F25: =D25*E25 -> 83.286645 | G25: =(F25-C25)/(E25-B25) -> -0.44859562 | H25: =(-(G25*E25))+F25 -> 98.587207 | I25: =H25/B25 -> 0.44859562
A26: 25 | B26: =Main!B27-Main!Q27 -> 200.70138 | C26: 0 | D26: =(1/(90/B26)) -> 2.2300153 | E26: =SQRT((8100)/((D26^2)+1)) -> 36.825394 | F26: =D26*E26 -> 82.121193 | G26: =(F26-C26)/(E26-B26) -> -0.50111792 | H26: =(-(G26*E26))+F26 -> 100.57506 | I26: =H26/B26 -> 0.50111792
A27: 26 | B27: =Main!B28-Main!Q28 -> 185.54788 | C27: 0 | D27: =(1/(90/B27)) -> 2.0616431 | E27: =SQRT((8100)/((D27^2)+1)) -> 39.277828 | F27: =D27*E27 -> 80.976862 | G27: =(F27-C27)/(E27-B27) -> -0.55361205 | H27: =(-(G27*E27))+F27 -> 102.72154 | I27: =H27/B27 -> 0.55361205
... A81: 80 | B81: =Main!B82-Main!Q82 -> 259.53431 | C81: 0 | D81: =(1/(90/B81)) -> 2.8837146 | E81: =SQRT((8100)/((D81^2)+1)) -> 29.487109 | F81: =D81*E81 -> 85.032408 | G81: =(F81-C81)/(E81-B81) -> -0.36963026 | H81: =(-(G81*E81))+F81 -> 95.931736 | I81: =H81/B81 -> 0.36963026

Sheet Values
A1: MAC Position | B1: 1 | C1: 2 | D1: 3 | E1: 4 | F1: 5 | G1: 6 | H1: 7 | I1: 8 | J1: 9 | K1: 10 | L1: 11 | M1: 12 | N1: 13 | O1: 14 | P1: 15 | Q1: 16 | R1: 17 | S1: 18 | T1: 19 | U1: 20 | V1: 21 | W1: 22 | X1: 23 | Y1: 24 | Z1: 25 | AA1: 26
A2: Descriptions | B2: Total length | C2: First rotation | D2: Second rotation | E2: Translation x | F2: Translation y | G2: Translation z | H2: Pixel translation | I2: Collimator translation | J2: Collimator length | K2: Collimator plus guide length | L2: Guide exit edge length (air) | M2: Guide exit edge length (lead) | N2: Guide translation | O2: d | P2: d + 2t | Q2: Ld | R2: Ld + 2t | S2: Repeat vector | T2: Pixel size | U2: Crystal thickness | V2: Crystal back face x | W2: Crystal back face y | X2: Crystal back face z | Y2: Crystal centroid x | Z2: Crystal centroid y | AA2: Crystal centroid z
A3: 1 | B3: =Main!B3+Main!C3+Main!T3 -> 393.32741 | C3: =Coordinates!T3 -> 194.25422 | D3: =Coordinates!V3 -> -13.769147 | E3: =Coordinates!Q3 -> 47.031878 | F3: =-Coordinates!P3 -> -185.13137 | G3: =Coordinates!R3 -> -46.808024 | H3: =(B3/2-5) -> 191.66371 | I3: =(H3-5)-(K3/2) -> 140.6286 | J3: =Main!C3 -> 89.070206 | K3: =J3+3 -> 92.070206 | L3: =Main!R3 -> 4.0615318 | M3: =L3+6 -> 10.061532 | N3: =-(J3/2) -> -44.535103 | O3: =Main!D3 -> 2.3 | P3: =O3+(2*Main!U3) -> 6.3 | Q3: =Main!S3 -> 50 | R3: =Q3+(2*Main!U3) -> 54 | S3: 25 | T3: 2 | U3: =Main!T3 -> 10 | V3: =(Coordinates!H3)/Coordinates!F3*SIGN(Coordinates!B3) -> 370.26274 | W3: =V3*Coordinates!C3/Coordinates!B3 -> 94.063755 | X3: =V3*Coordinates!D3/Coordinates!B3 -> -93.616048 | Y3: =(Coordinates!H3-(Main!T8/2))/Coordinates!F3*SIGN(Coordinates!B3) -> 365.55594 | Z3: =Y3*Coordinates!C3/Coordinates!B3 -> 92.868011 | AA3: =Y3*Coordinates!D3/Coordinates!B3 -> -92.425995
A4: 2 | B4: =Main!B4+Main!C4+Main!T4 -> 367.35255 | C4: =Coordinates!T4 -> 203.82697 | D4: =Coordinates!V4 -> -14.821919 | E4: =Coordinates!Q4 -> 71.731803 | F4: =-Coordinates!P4 -> -162.43066 | G4: =Coordinates!R4 -> -46.987257 | H4: =(B4/2-5) -> 178.67627 | I4: =(H4-5)-(K4/2) -> 130.82587 | J4: =Main!C4 -> 82.700811 | K4: =J4+3 -> 85.700811 | L4: =Main!R4 -> 4.1972002 | M4: =L4+6 -> 10.1972 | N4: =-(J4/2) -> -41.350406 | O4: =Main!D4 -> 2.3 | P4: =O4+(2*Main!U4) -> 6.3 | Q4: =Main!S4 -> 50 | R4: =Q4+(2*Main!U4) -> 54 | S4: 25 | T4: 2 | U4: =Main!T4 -> 10 | V4: =(Coordinates!H4)/Coordinates!F4*SIGN(Coordinates!B4) -> 324.86132 | W4: =V4*Coordinates!C4/Coordinates!B4 -> 143.46361 | X4: =V4*Coordinates!D4/Coordinates!B4 -> -93.974514 | Y4: =(Coordinates!H4-(Main!T9/2))/Coordinates!F4*SIGN(Coordinates!B4) -> 320.43966 | Z4: =Y4*Coordinates!C4/Coordinates!B4 -> 141.51094 | AA4: =Y4*Coordinates!D4/Coordinates!B4 -> -92.695436
A5: 3 | B5: =Main!B5+Main!C5+Main!T5 -> 339.24359 | C5: =Coordinates!T5 -> 214.20866 | D5: =Coordinates!V5 -> -16.161568 | E5: =Coordinates!Q5 -> 91.594124 | F5: =-Coordinates!P5 -> -134.73284 | G5: =Coordinates!R5 -> -47.213703 | H5: =(B5/2-5) -> 164.6218 | I5: =(H5-5)-(K5/2) -> 120.23376 | J5: =Main!C5 -> 75.776076 | K5: =J5+3 -> 78.776076 | L5: =Main!R5 -> 4.3705744 | M5: =L5+6 -> 10.370574 | N5: =-(J5/2) -> -37.888038 | O5: =Main!D5 -> 2.3 | P5: =O5+(2*Main!U5) -> 6.3 | Q5: =Main!S5 -> 50 | R5: =Q5+(2*Main!U5) -> 54 | S5: 25 | T5: 2 | U5: =Main!T5 -> 10 | V5: =(Coordinates!H5)/Coordinates!F5*SIGN(Coordinates!B5) -> 269.46567 | W5: =V5*Coordinates!C5/Coordinates!B5 -> 183.18825 | X5: =V5*Coordinates!D5/Coordinates!B5 -> -94.427405 | Y5: =(Coordinates!H5-(Main!T10/2))/Coordinates!F5*SIGN(Coordinates!B5) -> 265.4941 | Z5: =Y5*Coordinates!C5/Coordinates!B5 -> 180.4883 | AA5: =Y5*Coordinates!D5/Coordinates!B5 -> -93.035671
A6: 4 | B6: =Main!B6+Main!C6+Main!T6 -> 311.67368 | C6: =Coordinates!T6 -> 225.62677 | D6: =Coordinates!V6 -> -17.738161 | E6: =Coordinates!Q6 -> 106.09638 | F6: =-Coordinates!P6 -> -103.80018 | G6: =Coordinates!R6 -> -47.478419 | H6: =(B6/2-5) -> 150.83684 | I6: =(H6-5)-(K6/2) -> 109.86555 | J6: =Main!C6 -> 68.942582 | K6: =J6+3 -> 71.942582 | L6: =Main!R6 -> 4.5758068 | M6: =L6+6 -> 10.575807 | N6: =-(J6/2) -> -34.471291 | O6: =Main!D6 -> 2.3 | P6: =O6+(2*Main!U6) -> 6.3 | Q6: =Main!S6 -> 50 | R6: =Q6+(2*Main!U6) -> 54 | S6: 25 | T6: 2 | U6: =Main!T6 -> 10 | V6: =(Coordinates!H6)/Coordinates!F6*SIGN(Coordinates!B6) -> 207.60037 | W6: =V6*Coordinates!C6/Coordinates!B6 -> 212.19276 | X6: =V6*Coordinates!D6/Coordinates!B6 -> -94.956839 | Y6: =(Coordinates!H6-(Main!T11/2))/Coordinates!F6*SIGN(Coordinates!B6) -> 204.26996 | Z6: =Y6*Coordinates!C6/Coordinates!B6 -> 208.78867 | AA6: =Y6*Coordinates!D6/Coordinates!B6 -> -93.433501
A7: 5 | B7: =Main!B7+Main!C7+Main!T7 -> 287.20309 | C7: =Coordinates!T7 -> 238.28389 | D7: =Coordinates!V7 -> -19.442096 | E7: =Coordinates!Q7 -> 115.191 | F7: =-Coordinates!P7 -> -71.188158 | G7: =Coordinates!R7 -> -47.798354 | H7: =(B7/2-5) -> 138.60154 | I7: =(H7-5)-(K7/2) -> 100.68542 | J7: =Main!C7 -> 62.832246 | K7: =J7+3 -> 65.832246 | L7: =Main!R7 -> 4.7971254 | M7: =L7+6 -> 10.797125 | N7: =-(J7/2) -> -31.416123 | O7: =Main!D7 -> 2.3 | P7: =O7+(2*Main!U7) -> 6.3 | Q7: =Main!S7 -> 50 | R7: =Q7+(2*Main!U7) -> 54 | S7: 25 | T7: 2 | U7: =Main!T7 -> 10 | V7: =(Coordinates!H7)/Coordinates!F7*SIGN(Coordinates!B7) -> 142.37632 | W7: =V7*Coordinates!C7/Coordinates!B7 -> 230.38201 | X7: =V7*Coordinates!D7/Coordinates!B7 -> -95.596707 | Y7: =(Coordinates!H7-(Main!T12/2))/Coordinates!F7*SIGN(Coordinates!B7) -> 139.89765 | Z7: =Y7*Coordinates!C7/Coordinates!B7 -> 226.37122 | AA7: =Y7*Coordinates!D7/Coordinates!B7 -> -93.932437
A8: 6 | B8: =Main!B8+Main!C8+Main!T8 -> 267.91638 | C8: =Coordinates!T8 -> 252.29801 | D8: =Coordinates!V8 -> -21.042323 | E8: =Coordinates!Q8 -> 119.10541 | F8: =-Coordinates!P8 -> -38.015956 | G8: =Coordinates!R8 -> -48.098688 | H8: =(B8/2-5) -> 128.95819 | I8: =(H8-5)-(K8/2) -> 93.469374 | J8: =Main!C8 -> 57.97763 | K8: =J8+3 -> 60.97763 | L8: =Main!R8 -> 5.0062162 | M8: =L8+6 -> 11.006216 | N8: =-(J8/2) -> -28.988815 | O8: =Main!D8 -> 2.3 | P8: =O8+(2*Main!U8) -> 6.3 | Q8: =Main!S8 -> 50 | R8: =Q8+(2*Main!U8) -> 54 | S8: 25 | T8: 2 | U8: =Main!T8 -> 10 | V8: =(Coordinates!H8)/Coordinates!F8*SIGN(Coordinates!B8) -> 76.031912 | W8: =V8*Coordinates!C8/Coordinates!B8 -> 238.21083 | X8: =V8*Coordinates!D8/Coordinates!B8 -> -96.197376 | Y8: =(Coordinates!H8-(Main!T13/2))/Coordinates!F8*SIGN(Coordinates!B8) -> 74.612964 | Z8: =Y8*Coordinates!C8/Coordinates!B8 -> 233.76521 | AA8: =Y8*Coordinates!D8/Coordinates!B8 -> -94.402088
A9: 7 | B9: =Main!B9+Main!C9+Main!T9 -> 255.37159 | C9: =Coordinates!T9 -> 267.61151 | D9: =Coordinates!V9 -> -22.238096 | E9: =Coordinates!Q9 -> 118.08574 | F9: =-Coordinates!P9 -> -4.9254863 | G9: =Coordinates!R9 -> -48.323496 | H9: =(B9/2-5) -> 122.6858 | I9: =(H9-5)-(K9/2) -> 88.78722 | J9: =Main!C9 -> 54.797151 | K9: =J9+3 -> 57.797151 | L9: =Main!R9 -> 5.1632875 | M9: =L9+6 -> 11.163288 | N9: =-(J9/2) -> -27.398576 | O9: =Main!D9 -> 2.3 | P9: =O9+(2*Main!U9) -> 6.3 | Q9: =Main!S9 -> 50 | R9: =Q9+(2*Main!U9) -> 54 | S9: 25 | T9: 2 | U9: =Main!T9 -> 10 | V9: =(Coordinates!H9)/Coordinates!F9*SIGN(Coordinates!B9) -> 9.8509725 | W9: =V9*Coordinates!C9/Coordinates!B9 -> 236.17148 | X9: =V9*Coordinates!D9/Coordinates!B9 -> -96.646991 | Y9: =(Coordinates!H9-(Main!T14/2))/Coordinates!F9*SIGN(Coordinates!B9) -> 9.6580972 | Z9: =Y9*Coordinates!C9/Coordinates!B9 -> 231.5474 | AA9: =Y9*Coordinates!D9/Coordinates!B9 -> -94.754709
A10: 8 | B10: =Main!B10+Main!C10+Main!T10 -> 250.56026 | C10: =Coordinates!T10 -> -75.987503 | D10: =Coordinates!V10 -> -22.735081 | E10: =Coordinates!Q10 -> 112.10776 | F10: =-Coordinates!P10 -> 27.977578 | G10: =Coordinates!R10 -> -48.417116 | H10: =(B10/2-5) -> 120.28013 | I10: =(H10-5)-(K10/2) -> 86.994249 | J10: =Main!C10 -> 53.571762 | K10: =J10+3 -> 56.571762 | L10: =Main!R10 -> 5.2287818 | M10: =L10+6 -> 11.228782 | N10: =-(J10/2) -> -26.785881 | O10: =Main!D10 -> 2.3 | P10: =O10+(2*Main!U10) -> 6.3 | Q10: =Main!S10 -> 50 | R10: =Q10+(2*Main!U10) -> 54 | S10: 25 | T10: 2 | U10: =Main!T10 -> 10 | V10: =(Coordinates!H10)/Coordinates!F10*SIGN(Coordinates!B10) -> -55.955156 | W10: =V10*Coordinates!C10/Coordinates!B10 -> 224.21551 | X10: =V10*Coordinates!D10/Coordinates!B10 -> -96.834232 | Y10: =(Coordinates!H10-(Main!T15/2))/Coordinates!F10*SIGN(Coordinates!B10) -> -54.838555 | Z10: =Y10*Coordinates!C10/Coordinates!B10 -> 219.74123 | AA10: =Y10*Coordinates!D10/Coordinates!B10 -> -94.901877
A11: 9 | B11: =Main!B11+Main!C11+Main!T11 -> 253.84035 | C11: =Coordinates!T11 -> -59.436048 | D11: =Coordinates!V11 -> -22.393804 | E11: =Coordinates!Q11 -> 101.04458 | F11: =-Coordinates!P11 -> 59.671825 | G11: =Coordinates!R11 -> -48.352829 | H11: =(B11/2-5) -> 121.92017 | I11: =(H11-5)-(K11/2) -> 88.216415 | J11: =Main!C11 -> 54.407518 | K11: =J11+3 -> 57.407518 | L11: =Main!R11 -> 5.1837926 | M11: =L11+6 -> 11.183793 | N11: =-(J11/2) -> -27.203759 | O11: =Main!D11 -> 2.3 | P11: =O11+(2*Main!U11) -> 6.3 | Q11: =Main!S11 -> 50 | R11: =Q11+(2*Main!U11) -> 54 | S11: 25 | T11: 2 | U11: =Main!T11 -> 10 | V11: =(Coordinates!H11)/Coordinates!F11*SIGN(Coordinates!B11) -> -119.34365 | W11: =V11*Coordinates!C11/Coordinates!B11 -> 202.08917 | X11: =V11*Coordinates!D11/Coordinates!B11 -> -96.705658 | Y11: =(Coordinates!H11-(Main!T16/2))/Coordinates!F11*SIGN(Coordinates!B11) -> -116.99289 | Z11: =Y11*Coordinates!C11/Coordinates!B11 -> 198.10853 | AA11: =Y11*Coordinates!D11/Coordinates!B11 -> -94.800806
A12: 10 | B12: =Main!B12+Main!C12+Main!T12 -> 263.96929 | C12: =Coordinates!T12 -> -43.805719 | D12: =Coordinates!V12 -> -21.403948 | E12: =Coordinates!Q12 -> 85.060618 | F12: =-Coordinates!P12 -> 88.68267 | G12: =Coordinates!R12 -> -48.166601 | H12: =(B12/2-5) -> 126.98464 | I12: =(H12-5)-(K12/2) -> 91.995114 | J12: =Main!C12 -> 56.97906 | K12: =J12+3 -> 59.97906 | L12: =Main!R12 -> 5.0536432 | M12: =L12+6 -> 11.053643 | N12: =-(J12/2) -> -28.48953 | O12: =Main!D12 -> 2.3 | P12: =O12+(2*Main!U12) -> 6.3 | Q12: =Main!S12 -> 50 | R12: =Q12+(2*Main!U12) -> 54 | S12: 25 | T12: 2 | U12: =Main!T12 -> 10 | V12: =(Coordinates!H12)/Coordinates!F12*SIGN(Coordinates!B12) -> -177.36534 | W12: =V12*Coordinates!C12/Coordinates!B12 -> 170.12124 | X12: =V12*Coordinates!D12/Coordinates!B12 -> -96.333201 | Y12: =(Coordinates!H12-(Main!T17/2))/Coordinates!F12*SIGN(Coordinates!B12) -> -174.00576 | Z12: =Y12*Coordinates!C12/Coordinates!B12 -> 166.89887 | AA12: =Y12*Coordinates!D12/Coordinates!B12 -> -94.508497
A13: 11 | B13: =Main!B13+Main!C13+Main!T13 -> 278.87814 | C13: =Coordinates!T13 -> -29.272684 | D13: =Coordinates!V13 -> -20.101065 | E13: =Coordinates!Q13 -> 64.028 | F13: =-Coordinates!P13 -> 114.22412 | G13: =Coordinates!R13 -> -47.922023 | H13: =(B13/2-5) -> 134.43907 | I13: =(H13-5)-(K13/2) -> 97.56831 | J13: =Main!C13 -> 60.741525 | K13: =J13+3 -> 63.741525 | L13: =Main!R13 -> 4.8830764 | M13: =L13+6 -> 10.883076 | N13: =-(J13/2) -> -30.370762 | O13: =Main!D13 -> 2.3 | P13: =O13+(2*Main!U13) -> 6.3 | Q13: =Main!S13 -> 50 | R13: =Q13+(2*Main!U13) -> 54 | S13: 25 | T13: 2 | U13: =Main!T13 -> 10 | V13: =(Coordinates!H13)/Coordinates!F13*SIGN(Coordinates!B13) -> -228.44824 | W13: =V13*Coordinates!C13/Coordinates!B13 -> 128.056 | X13: =V13*Coordinates!D13/Coordinates!B13 -> -95.844046 | Y13: =(Coordinates!H13-(Main!T18/2))/Coordinates!F13*SIGN(Coordinates!B13) -> -224.3524 | Z13: =Y13*Coordinates!C13/Coordinates!B13 -> 125.76009 | AA13: =Y13*Coordinates!D13/Coordinates!B13 -> -94.12566
A14: 12 | B14: =Main!B14+Main!C14+Main!T14 -> 295.9769 | C14: =Coordinates!T14 -> -15.807239 | D14: =Coordinates!V14 -> -18.793914 | E14: =Coordinates!Q14 -> 38.163011 | F14: =-Coordinates!P14 -> 134.80021 | G14: =Coordinates!R14 -> -47.676721 | H14: =(B14/2-5) -> 142.98845 | I14: =(H14-5)-(K14/2) -> 103.97409 | J14: =Main!C14 -> 65.028733 | K14: =J14+3 -> 68.028733 | L14: =Main!R14 -> 4.7127796 | M14: =L14+6 -> 10.71278 | N14: =-(J14/2) -> -32.514367 | O14: =Main!D14 -> 2.3 | P14: =O14+(2*Main!U14) -> 6.3 | Q14: =Main!S14 -> 50 | R14: =Q14+(2*Main!U14) -> 54 | S14: 25 | T14: 2 | U14: =Main!T14 -> 10 | V14: =(Coordinates!H14)/Coordinates!F14*SIGN(Coordinates!B14) -> -269.60042 | W14: =V14*Coordinates!C14/Coordinates!B14 -> 76.326023 | X14: =V14*Coordinates!D14/Coordinates!B14 -> -95.353443 | Y14: =(Coordinates!H14-(Main!T19/2))/Coordinates!F14*SIGN(Coordinates!B14) -> -265.046 | Z14: =Y14*Coordinates!C14/Coordinates!B14 -> 75.036631 | AA14: =Y14*Coordinates!D14/Coordinates!B14 -> -93.742617
... A82: 80 | B82: =Main!B82+Main!C82+Main!T82 -> 352.35478 | C82: =Coordinates!T82 -> 75.600014 | D82: =Coordinates!V82 -> 15.50742 | E82: =Coordinates!Q82 -> -164.43037 | F82: =-Coordinates!P82 -> 42.218501 | G82: =Coordinates!R82 -> 47.103344 | H82: =(B82/2-5) -> 171.17739 | I82: =(H82-5)-(K82/2) -> 125.17203 | J82: =Main!C82 -> 79.010721 | K82: =J82+3 -> 82.010721 | L82: =Main!R82 -> 4.2858065 | M82: =L82+6 -> 10.285806 | N82: =-(J82/2) -> -39.50536 | O82: =Main!D82 -> 2.3 | P82: =O82+(2*Main!U82) -> 6.3 | Q82: =Main!S82 -> 50 | R82: =Q82+(2*Main!U82) -> 54 | S82: 25 | T82: 2 | U82: =Main!T82 -> 10 | V82: =(Coordinates!H82)/Coordinates!F82*SIGN(Coordinates!B82) -> -84.437001 | W82: =V82*Coordinates!C82/Coordinates!B82 -> -328.86073 | X82: =V82*Coordinates!D82/Coordinates!B82 -> 94.206688 | Y82: =(Coordinates!H82-(Main!T87/2))/Coordinates!F82*SIGN(Coordinates!B82) -> -84.437001 | Z82: =Y82*Coordinates!C82/Coordinates!B82 -> -328.86073 | AA82: =Y82*Coordinates!D82/Coordinates!B82 -> 94.206688

Sheet Design Table
B2: D1@Sketch1 | C2: D2@Sketch1 | D2: D1@Boss-Extrude1 | E2: D1@Sketch2 | F2: D2@Sketch2 | G2: D1@Sketch3 | H2: D2@Sketch3 | I2: D1@Sketch4 | J2: D2@Sketch4 | K2: D1@Cut-Extrude3 | L2: D1@Chamfer1 | M2: D3@Chamfer1 | N2: D1@Chamfer2 | O2: D3@Chamfer2 | P2: D1@Chamfer3 | Q2: D3@Chamfer3 | R2: D1@Chamfer4 | S2: D3@Chamfer4 | T2: D1@Sketch5 | U2: D2@Sketch5 | V2: D1@Boss-Extrude2 | W2: D1@Sketch6 | X2: D2@Sketch6 | Y2: D1@Boss-Extrude3 | Z2: D1@Sketch9 | AA2: D2@Sketch9 | AB2: D1@Cut-Extrude6 | AC2: D1@Chamfer5 | AD2: D3@Chamfer5 | AE2: D1@Chamfer6 | AF2: D3@Chamfer6 | AG2: D1@Chamfer7 | AH2: D3@Chamfer7 | AI2: D1@Chamfer8 | AJ2: D3@Chamfer8
A3: Default | B3: 56 | C3: 56 | D3: 70 | E3: 4 | F3: 4 | G3: 4 | H3: 4 | I3: 2 | J3: 2 | K3: 70 | L3: 24 | M3: 70 | N3: 24 | O3: 70 | P3: 24 | Q3: 70 | R3: 24 | S3: 70 | T3: 50 | U3: 50 | V3: 10 | W3: 10 | X3: 10 | Y3: 3 | Z3: 2 | AA3: 2 | AB3: 3 | AC3: 1 | AD3: 3 | AE3: 1 | AF3: 3 | AG3: 1 | AH3: 3 | AI3: 1 | AJ3: 3
A4: 1 | B4: =Main!S3+(2*Main!U3) -> 54 | C4: =Main!S3+(2*Main!U3) -> 54 | D4: =Main!C3 -> 89.070206 | E4: =(Main!D3/2)+Main!U3 -> 3.15 | F4: =(Main!D3/2)+Main!U3 -> 3.15 | G4: =(Main!D3/2)+Main!U3 -> 3.15 | H4: =(Main!D3/2)+Main!U3 -> 3.15 | I4: =Main!D3 -> 2.3 | J4: =Main!D3 -> 2.3 | K4: =Main!C3 -> 89.070206 | L4: =(Main!S3/2)-(Main!D3/2) -> 23.85 | M4: =Main!C3 -> 89.070206 | N4: =(Main!S3/2)-(Main!D3/2) -> 23.85 | O4: =Main!C3 -> 89.070206 | P4: =(Main!S3/2)-(Main!D3/2) -> 23.85 | Q4: =Main!C3 -> 89.070206 | R4: =(Main!S3/2)-(Main!D3/2) -> 23.85 | S4: =Main!C3 -> 89.070206 | T4: =Main!S3 -> 50 | U4: =Main!S3 -> 50 | V4: =Main!T3 -> 10 | W4: =Main!R3+(Main!U3*2) -> 8.0615318 | X4: =Main!R3+(Main!U3*2) -> 8.0615318 | Y4: 3 | Z4: =Main!D3 -> 2.3 | AA4: =Main!D3 -> 2.3 | AB4: 3 | AC4: =(Main!R3/2)-(Main!D3/2) -> 0.8807659 | AD4: 3 | AE4: =(Main!R3/2)-(Main!D3/2) -> 0.8807659 | AF4: 3 | AG4: =(Main!R3/2)-(Main!D3/2) -> 0.8807659 | AH4: 3 | AI4: =(Main!R3/2)-(Main!D3/2) -> 0.8807659 | AJ4: 3
A5: 2 | B5: =Main!S4+(2*Main!U4) -> 54 | C5: =Main!S4+(2*Main!U4) -> 54 | D5: =Main!C4 -> 82.700811 | E5: =(Main!D4/2)+Main!U4 -> 3.15 | F5: =(Main!D4/2)+Main!U4 -> 3.15 | G5: =(Main!D4/2)+Main!U4 -> 3.15 | H5: =(Main!D4/2)+Main!U4 -> 3.15 | I5: =Main!D4 -> 2.3 | J5: =Main!D4 -> 2.3 | K5: =Main!C4 -> 82.700811 | L5: =(Main!S4/2)-(Main!D4/2) -> 23.85 | M5: =Main!C4 -> 82.700811 | N5: =(Main!S4/2)-(Main!D4/2) -> 23.85 | O5: =Main!C4 -> 82.700811 | P5: =(Main!S4/2)-(Main!D4/2) -> 23.85 | Q5: =Main!C4 -> 82.700811 | R5: =(Main!S4/2)-(Main!D4/2) -> 23.85 | S5: =Main!C4 -> 82.700811 | T5: =Main!S4 -> 50 | U5: =Main!S4 -> 50 | V5: =Main!T4 -> 10 | W5: =Main!R4+(Main!U4*2) -> 8.1972002 | X5: =Main!R4+(Main!U4*2) -> 8.1972002 | Y5: 3 | Z5: =Main!D4 -> 2.3 | AA5: =Main!D4 -> 2.3 | AB5: 3 | AC5: =(Main!R4/2)-(Main!D4/2) -> 0.94860012 | AD5: 3 | AE5: =(Main!R4/2)-(Main!D4/2) -> 0.94860012 | AF5: 3 | AG5: =(Main!R4/2)-(Main!D4/2) -> 0.94860012 | AH5: 3 | AI5: =(Main!R4/2)-(Main!D4/2) -> 0.94860012 | AJ5: 3
A6: 3 | B6: =Main!S5+(2*Main!U5) -> 54 | C6: =Main!S5+(2*Main!U5) -> 54 | D6: =Main!C5 -> 75.776076 | E6: =(Main!D5/2)+Main!U5 -> 3.15 | F6: =(Main!D5/2)+Main!U5 -> 3.15 | G6: =(Main!D5/2)+Main!U5 -> 3.15 | H6: =(Main!D5/2)+Main!U5 -> 3.15 | I6: =Main!D5 -> 2.3 | J6: =Main!D5 -> 2.3 | K6: =Main!C5 -> 75.776076 | L6: =(Main!S5/2)-(Main!D5/2) -> 23.85 | M6: =Main!C5 -> 75.776076 | N6: =(Main!S5/2)-(Main!D5/2) -> 23.85 | O6: =Main!C5 -> 75.776076 | P6: =(Main!S5/2)-(Main!D5/2) -> 23.85 | Q6: =Main!C5 -> 75.776076 | R6: =(Main!S5/2)-(Main!D5/2) -> 23.85 | S6: =Main!C5 -> 75.776076 | T6: =Main!S5 -> 50 | U6: =Main!S5 -> 50 | V6: =Main!T5 -> 10 | W6: =Main!R5+(Main!U5*2) -> 8.3705744 | X6: =Main!R5+(Main!U5*2) -> 8.3705744 | Y6: 3 | Z6: =Main!D5 -> 2.3 | AA6: =Main!D5 -> 2.3 | AB6: 3 | AC6: =(Main!R5/2)-(Main!D5/2) -> 1.0352872 | AD6: 3 | AE6: =(Main!R5/2)-(Main!D5/2) -> 1.0352872 | AF6: 3 | AG6: =(Main!R5/2)-(Main!D5/2) -> 1.0352872 | AH6: 3 | AI6: =(Main!R5/2)-(Main!D5/2) -> 1.0352872 | AJ6: 3
A7: 4 | B7: =Main!S6+(2*Main!U6) -> 54 | C7: =Main!S6+(2*Main!U6) -> 54 | D7: =Main!C6 -> 68.942582 | E7: =(Main!D6/2)+Main!U6 -> 3.15 | F7: =(Main!D6/2)+Main!U6 -> 3.15 | G7: =(Main!D6/2)+Main!U6 -> 3.15 | H7: =(Main!D6/2)+Main!U6 -> 3.15 | I7: =Main!D6 -> 2.3 | J7: =Main!D6 -> 2.3 | K7: =Main!C6 -> 68.942582 | L7: =(Main!S6/2)-(Main!D6/2) -> 23.85 | M7: =Main!C6 -> 68.942582 | N7: =(Main!S6/2)-(Main!D6/2) -> 23.85 | O7: =Main!C6 -> 68.942582 | P7: =(Main!S6/2)-(Main!D6/2) -> 23.85 | Q7: =Main!C6 -> 68.942582 | R7: =(Main!S6/2)-(Main!D6/2) -> 23.85 | S7: =Main!C6 -> 68.942582 | T7: =Main!S6 -> 50 | U7: =Main!S6 -> 50 | V7: =Main!T6 -> 10 | W7: =Main!R6+(Main!U6*2) -> 8.5758068 | X7: =Main!R6+(Main!U6*2) -> 8.5758068 | Y7: 3 | Z7: =Main!D6 -> 2.3 | AA7: =Main!D6 -> 2.3 | AB7: 3 | AC7: =(Main!R6/2)-(Main!D6/2) -> 1.1379034 | AD7: 3 | AE7: =(Main!R6/2)-(Main!D6/2) -> 1.1379034 | AF7: 3 | AG7: =(Main!R6/2)-(Main!D6/2) -> 1.1379034 | AH7: 3 | AI7: =(Main!R6/2)-(Main!D6/2) -> 1.1379034 | AJ7: 3
A8: 5 | B8: =Main!S7+(2*Main!U7) -> 54 | C8: =Main!S7+(2*Main!U7) -> 54 | D8: =Main!C7 -> 62.832246 | E8: =(Main!D7/2)+Main!U7 -> 3.15 | F8: =(Main!D7/2)+Main!U7 -> 3.15 | G8: =(Main!D7/2)+Main!U7 -> 3.15 | H8: =(Main!D7/2)+Main!U7 -> 3.15 | I8: =Main!D7 -> 2.3 | J8: =Main!D7 -> 2.3 | K8: =Main!C7 -> 62.832246 | L8: =(Main!S7/2)-(Main!D7/2) -> 23.85 | M8: =Main!C7 -> 62.832246 | N8: =(Main!S7/2)-(Main!D7/2) -> 23.85 | O8: =Main!C7 -> 62.832246 | P8: =(Main!S7/2)-(Main!D7/2) -> 23.85 | Q8: =Main!C7 -> 62.832246 | R8: =(Main!S7/2)-(Main!D7/2) -> 23.85 | S8: =Main!C7 -> 62.832246 | T8: =Main!S7 -> 50 | U8: =Main!S7 -> 50 | V8: =Main!T7 -> 10 | W8: =Main!R7+(Main!U7*2) -> 8.7971254 | X8: =Main!R7+(Main!U7*2) -> 8.7971254 | Y8: 3 | Z8: =Main!D7 -> 2.3 | AA8: =Main!D7 -> 2.3 | AB8: 3 | AC8: =(Main!R7/2)-(Main!D7/2) -> 1.2485627 | AD8: 3 | AE8: =(Main!R7/2)-(Main!D7/2) -> 1.2485627 | AF8: 3 | AG8: =(Main!R7/2)-(Main!D7/2) -> 1.2485627 | AH8: 3 | AI8: =(Main!R7/2)-(Main!D7/2) -> 1.2485627 | AJ8: 3
A9: 6 | B9: =Main!S8+(2*Main!U8) -> 54 | C9: =Main!S8+(2*Main!U8) -> 54 | D9: =Main!C8 -> 57.97763 | E9: =(Main!D8/2)+Main!U8 -> 3.15 | F9: =(Main!D8/2)+Main!U8 -> 3.15 | G9: =(Main!D8/2)+Main!U8 -> 3.15 | H9: =(Main!D8/2)+Main!U8 -> 3.15 | I9: =Main!D8 -> 2.3 | J9: =Main!D8 -> 2.3 | K9: =Main!C8 -> 57.97763 | L9: =(Main!S8/2)-(Main!D8/2) -> 23.85 | M9: =Main!C8 -> 57.97763 | N9: =(Main!S8/2)-(Main!D8/2) -> 23.85 | O9: =Main!C8 -> 57.97763 | P9: =(Main!S8/2)-(Main!D8/2) -> 23.85 | Q9: =Main!C8 -> 57.97763 | R9: =(Main!S8/2)-(Main!D8/2) -> 23.85 | S9: =Main!C8 -> 57.97763 | T9: =Main!S8 -> 50 | U9: =Main!S8 -> 50 | V9: =Main!T8 -> 10 | W9: =Main!R8+(Main!U8*2) -> 9.0062162 | X9: =Main!R8+(Main!U8*2) -> 9.0062162 | Y9: 3 | Z9: =Main!D8 -> 2.3 | AA9: =Main!D8 -> 2.3 | AB9: 3 | AC9: =(Main!R8/2)-(Main!D8/2) -> 1.3531081 | AD9: 3 | AE9: =(Main!R8/2)-(Main!D8/2) -> 1.3531081 | AF9: 3 | AG9: =(Main!R8/2)-(Main!D8/2) -> 1.3531081 | AH9: 3 | AI9: =(Main!R8/2)-(Main!D8/2) -> 1.3531081 | AJ9: 3
A10: 7 | B10: =Main!S9+(2*Main!U9) -> 54 | C10: =Main!S9+(2*Main!U9) -> 54 | D10: =Main!C9 -> 54.797151 | E10: =(Main!D9/2)+Main!U9 -> 3.15 | F10: =(Main!D9/2)+Main!U9 -> 3.15 | G10: =(Main!D9/2)+Main!U9 -> 3.15 | H10: =(Main!D9/2)+Main!U9 -> 3.15 | I10: =Main!D9 -> 2.3 | J10: =Main!D9 -> 2.3 | K10: =Main!C9 -> 54.797151 | L10: =(Main!S9/2)-(Main!D9/2) -> 23.85 | M10: =Main!C9 -> 54.797151 | N10: =(Main!S9/2)-(Main!D9/2) -> 23.85 | O10: =Main!C9 -> 54.797151 | P10: =(Main!S9/2)-(Main!D9/2) -> 23.85 | Q10: =Main!C9 -> 54.797151 | R10: =(Main!S9/2)-(Main!D9/2) -> 23.85 | S10: =Main!C9 -> 54.797151 | T10: =Main!S9 -> 50 | U10: =Main!S9 -> 50 | V10: =Main!T9 -> 10 | W10: =Main!R9+(Main!U9*2) -> 9.1632875 | X10: =Main!R9+(Main!U9*2) -> 9.1632875 | Y10: 3 | Z10: =Main!D9 -> 2.3 | AA10: =Main!D9 -> 2.3 | AB10: 3 | AC10: =(Main!R9/2)-(Main!D9/2) -> 1.4316438 | AD10: 3 | AE10: =(Main!R9/2)-(Main!D9/2) -> 1.4316438 | AF10: 3 | AG10: =(Main!R9/2)-(Main!D9/2) -> 1.4316438 | AH10: 3 | AI10: =(Main!R9/2)-(Main!D9/2) -> 1.4316438 | AJ10: 3
A11: 8 | B11: =Main!S10+(2*Main!U10) -> 54 | C11: =Main!S10+(2*Main!U10) -> 54 | D11: =Main!C10 -> 53.571762 | E11: =(Main!D10/2)+Main!U10 -> 3.15 | F11: =(Main!D10/2)+Main!U10 -> 3.15 | G11: =(Main!D10/2)+Main!U10 -> 3.15 | H11: =(Main!D10/2)+Main!U10 -> 3.15 | I11: =Main!D10 -> 2.3 | J11: =Main!D10 -> 2.3 | K11: =Main!C10 -> 53.571762 | L11: =(Main!S10/2)-(Main!D10/2) -> 23.85 | M11: =Main!C10 -> 53.571762 | N11: =(Main!S10/2)-(Main!D10/2) -> 23.85 | O11: =Main!C10 -> 53.571762 | P11: =(Main!S10/2)-(Main!D10/2) -> 23.85 | Q11: =Main!C10 -> 53.571762 | R11: =(Main!S10/2)-(Main!D10/2) -> 23.85 | S11: =Main!C10 -> 53.571762 | T11: =Main!S10 -> 50 | U11: =Main!S10 -> 50 | V11: =Main!T10 -> 10 | W11: =Main!R10+(Main!U10*2) -> 9.2287818 | X11: =Main!R10+(Main!U10*2) -> 9.2287818 | Y11: 3 | Z11: =Main!D10 -> 2.3 | AA11: =Main!D10 -> 2.3 | AB11: 3 | AC11: =(Main!R10/2)-(Main!D10/2) -> 1.4643909 | AD11: 3 | AE11: =(Main!R10/2)-(Main!D10/2) -> 1.4643909 | AF11: 3 | AG11: =(Main!R10/2)-(Main!D10/2) -> 1.4643909 | AH11: 3 | AI11: =(Main!R10/2)-(Main!D10/2) -> 1.4643909 | AJ11: 3
A12: 9 | B12: =Main!S11+(2*Main!U11) -> 54 | C12: =Main!S11+(2*Main!U11) -> 54 | D12: =Main!C11 -> 54.407518 | E12: =(Main!D11/2)+Main!U11 -> 3.15 | F12: =(Main!D11/2)+Main!U11 -> 3.15 | G12: =(Main!D11/2)+Main!U11 -> 3.15 | H12: =(Main!D11/2)+Main!U11 -> 3.15 | I12: =Main!D11 -> 2.3 | J12: =Main!D11 -> 2.3 | K12: =Main!C11 -> 54.407518 | L12: =(Main!S11/2)-(Main!D11/2) -> 23.85 | M12: =Main!C11 -> 54.407518 | N12: =(Main!S11/2)-(Main!D11/2) -> 23.85 | O12: =Main!C11 -> 54.407518 | P12: =(Main!S11/2)-(Main!D11/2) -> 23.85 | Q12: =Main!C11 -> 54.407518 | R12: =(Main!S11/2)-(Main!D11/2) -> 23.85 | S12: =Main!C11 -> 54.407518 | T12: =Main!S11 -> 50 | U12: =Main!S11 -> 50 | V12: =Main!T11 -> 10 | W12: =Main!R11+(Main!U11*2) -> 9.1837926 | X12: =Main!R11+(Main!U11*2) -> 9.1837926 | Y12: 3 | Z12: =Main!D11 -> 2.3 | AA12: =Main!D11 -> 2.3 | AB12: 3 | AC12: =(Main!R11/2)-(Main!D11/2) -> 1.4418963 | AD12: 3 | AE12: =(Main!R11/2)-(Main!D11/2) -> 1.4418963 | AF12: 3 | AG12: =(Main!R11/2)-(Main!D11/2) -> 1.4418963 | AH12: 3 | AI12: =(Main!R11/2)-(Main!D11/2) -> 1.4418963 | AJ12: 3
A13: 10 | B13: =Main!S12+(2*Main!U12) -> 54 | C13: =Main!S12+(2*Main!U12) -> 54 | D13: =Main!C12 -> 56.97906 | E13: =(Main!D12/2)+Main!U12 -> 3.15 | F13: =(Main!D12/2)+Main!U12 -> 3.15 | G13: =(Main!D12/2)+Main!U12 -> 3.15 | H13: =(Main!D12/2)+Main!U12 -> 3.15 | I13: =Main!D12 -> 2.3 | J13: =Main!D12 -> 2.3 | K13: =Main!C12 -> 56.97906 | L13: =(Main!S12/2)-(Main!D12/2) -> 23.85 | M13: =Main!C12 -> 56.97906 | N13: =(Main!S12/2)-(Main!D12/2) -> 23.85 | O13: =Main!C12 -> 56.97906 | P13: =(Main!S12/2)-(Main!D12/2) -> 23.85 | Q13: =Main!C12 -> 56.97906 | R13: =(Main!S12/2)-(Main!D12/2) -> 23.85 | S13: =Main!C12 -> 56.97906 | T13: =Main!S12 -> 50 | U13: =Main!S12 -> 50 | V13: =Main!T12 -> 10 | W13: =Main!R12+(Main!U12*2) -> 9.0536432 | X13: =Main!R12+(Main!U12*2) -> 9.0536432 | Y13: 3 | Z13: =Main!D12 -> 2.3 | AA13: =Main!D12 -> 2.3 | AB13: 3 | AC13: =(Main!R12/2)-(Main!D12/2) -> 1.3768216 | AD13: 3 | AE13: =(Main!R12/2)-(Main!D12/2) -> 1.3768216 | AF13: 3 | AG13: =(Main!R12/2)-(Main!D12/2) -> 1.3768216 | AH13: 3 | AI13: =(Main!R12/2)-(Main!D12/2) -> 1.3768216 | AJ13: 3
A14: 11 | B14: =Main!S13+(2*Main!U13) -> 54 | C14: =Main!S13+(2*Main!U13) -> 54 | D14: =Main!C13 -> 60.741525 | E14: =(Main!D13/2)+Main!U13 -> 3.15 | F14: =(Main!D13/2)+Main!U13 -> 3.15 | G14: =(Main!D13/2)+Main!U13 -> 3.15 | H14: =(Main!D13/2)+Main!U13 -> 3.15 | I14: =Main!D13 -> 2.3 | J14: =Main!D13 -> 2.3 | K14: =Main!C13 -> 60.741525 | L14: =(Main!S13/2)-(Main!D13/2) -> 23.85 | M14: =Main!C13 -> 60.741525 | N14: =(Main!S13/2)-(Main!D13/2) -> 23.85 | O14: =Main!C13 -> 60.741525 | P14: =(Main!S13/2)-(Main!D13/2) -> 23.85 | Q14: =Main!C13 -> 60.741525 | R14: =(Main!S13/2)-(Main!D13/2) -> 23.85 | S14: =Main!C13 -> 60.741525 | T14: =Main!S13 -> 50 | U14: =Main!S13 -> 50 | V14: =Main!T13 -> 10 | W14: =Main!R13+(Main!U13*2) -> 8.8830764 | X14: =Main!R13+(Main!U13*2) -> 8.8830764 | Y14: 3 | Z14: =Main!D13 -> 2.3 | AA14: =Main!D13 -> 2.3 | AB14: 3 | AC14: =(Main!R13/2)-(Main!D13/2) -> 1.2915382 | AD14: 3 | AE14: =(Main!R13/2)-(Main!D13/2) -> 1.2915382 | AF14: 3 | AG14: =(Main!R13/2)-(Main!D13/2) -> 1.2915382 | AH14: 3 | AI14: =(Main!R13/2)-(Main!D13/2) -> 1.2915382 | AJ14: 3
A15: 12 | B15: =Main!S14+(2*Main!U14) -> 54 | C15: =Main!S14+(2*Main!U14) -> 54 | D15: =Main!C14 -> 65.028733 | E15: =(Main!D14/2)+Main!U14 -> 3.15 | F15: =(Main!D14/2)+Main!U14 -> 3.15 | G15: =(Main!D14/2)+Main!U14 -> 3.15 | H15: =(Main!D14/2)+Main!U14 -> 3.15 | I15: =Main!D14 -> 2.3 | J15: =Main!D14 -> 2.3 | K15: =Main!C14 -> 65.028733 | L15: =(Main!S14/2)-(Main!D14/2) -> 23.85 | M15: =Main!C14 -> 65.028733 | N15: =(Main!S14/2)-(Main!D14/2) -> 23.85 | O15: =Main!C14 -> 65.028733 | P15: =(Main!S14/2)-(Main!D14/2) -> 23.85 | Q15: =Main!C14 -> 65.028733 | R15: =(Main!S14/2)-(Main!D14/2) -> 23.85 | S15: =Main!C14 -> 65.028733 | T15: =Main!S14 -> 50 | U15: =Main!S14 -> 50 | V15: =Main!T14 -> 10 | W15: =Main!R14+(Main!U14*2) -> 8.7127796 | X15: =Main!R14+(Main!U14*2) -> 8.7127796 | Y15: 3 | Z15: =Main!D14 -> 2.3 | AA15: =Main!D14 -> 2.3 | AB15: 3 | AC15: =(Main!R14/2)-(Main!D14/2) -> 1.2063898 | AD15: 3 | AE15: =(Main!R14/2)-(Main!D14/2) -> 1.2063898 | AF15: 3 | AG15: =(Main!R14/2)-(Main!D14/2) -> 1.2063898 | AH15: 3 | AI15: =(Main!R14/2)-(Main!D14/2) -> 1.2063898 | AJ15: 3
... A83: 80 | B83: =Main!S82+(2*Main!U82) -> 54 | C83: =Main!S82+(2*Main!U82) -> 54 | D83: =Main!C82 -> 79.010721 | E83: =(Main!D82/2)+Main!U82 -> 3.15 | F83: =(Main!D82/2)+Main!U82 -> 3.15 | G83: =(Main!D82/2)+Main!U82 -> 3.15 | H83: =(Main!D82/2)+Main!U82 -> 3.15 | I83: =Main!D82 -> 2.3 | J83: =Main!D82 -> 2.3 | K83: =Main!C82 -> 79.010721 | L83: =(Main!S82/2)-(Main!D82/2) -> 23.85 | M83: =Main!C82 -> 79.010721 | N83: =(Main!S82/2)-(Main!D82/2) -> 23.85 | O83: =Main!C82 -> 79.010721 | P83: =(Main!S82/2)-(Main!D82/2) -> 23.85 | Q83: =Main!C82 -> 79.010721 | R83: =(Main!S82/2)-(Main!D82/2) -> 23.85 | S83: =Main!C82 -> 79.010721 | T83: =Main!S82 -> 50 | U83: =Main!S82 -> 50 | V83: =Main!T82 -> 10 | W83: =Main!R82+(Main!U82*2) -> 8.2858065 | X83: =Main!R82+(Main!U82*2) -> 8.2858065 | Y83: 3 | Z83: =Main!D82 -> 2.3 | AA83: =Main!D82 -> 2.3 | AB83: 3 | AC83: =(Main!R82/2)-(Main!D82/2) -> 0.99290323 | AD83: 3 | AE83: =(Main!R82/2)-(Main!D82/2) -> 0.99290323 | AF83: 3 | AG83: =(Main!R82/2)-(Main!D82/2) -> 0.99290323 | AH83: 3 | AI83: =(Main!R82/2)-(Main!D82/2) -> 0.99290323 | AJ83: 3
